"stratum"|"x0001"|"x0010"|"x0011"|"x0100"|"x0101"|"x0110"|"x0111"|"x1000"|"x1001"|"x1010"|"x1011"|"x1100"|"x1101"|"x1110"|"x1111"|"stratum.type"|"nk"
"1980"|1656|1671|407|116|38|14|17|315|60|36|10|4|7|1|3|"year"|4355
"1981"|1552|1086|232|230|401|8|19|328|98|15|18|10|43|2|2|"year"|4044
"1982"|1132|740|170|971|123|16|12|293|137|18|21|36|86|7|16|"year"|3778
"1983"|568|315|34|997|131|13|35|102|45|2|3|18|52|1|9|"year"|2325
"1984"|288|206|14|509|50|24|2|121|44|3|4|25|32|7|4|"year"|1333
"1985"|126|76|15|431|23|13|6|99|7|0|1|8|12|1|2|"year"|820
"1986"|148|91|9|207|75|10|0|57|16|1|2|8|14|1|0|"year"|639
"1987"|136|62|8|146|87|10|8|60|7|1|1|10|20|0|4|"year"|560
"1988"|174|69|8|179|107|6|7|84|14|2|1|9|18|1|3|"year"|682
"1989"|122|77|13|311|55|8|14|131|16|5|2|17|22|4|5|"year"|802
"1990"|90|46|14|141|40|5|2|124|7|1|2|11|8|1|1|"year"|493
"1980s0"|82|115|3|0|0|0|0|0|0|0|0|0|0|0|0|"yr.sm"|200
"1980s1"|696|699|204|59|22|5|12|137|28|18|6|2|1|0|2|"yr.sm"|1891
"1980s2"|878|857|200|57|16|9|5|178|32|18|4|2|6|1|1|"yr.sm"|2264
"1981s1"|730|524|97|59|21|3|6|144|42|10|5|1|9|1|2|"yr.sm"|1654
"1981s2"|764|484|134|171|380|5|13|184|56|5|13|9|34|1|0|"yr.sm"|2253
"1982s1"|500|380|109|296|52|10|2|169|83|13|16|18|42|1|8|"yr.sm"|1699
"1982s2"|594|301|59|675|71|6|10|124|54|5|5|18|44|6|8|"yr.sm"|1980
"1983s1"|332|138|28|664|58|11|26|59|29|2|3|13|39|1|9|"yr.sm"|1412
"1983s2"|225|127|6|333|73|2|9|43|16|0|0|5|13|0|0|"yr.sm"|852
"1984s1"|161|84|6|248|31|6|0|43|14|2|1|17|18|4|3|"yr.sm"|638
"1984s2"|113|99|8|261|19|18|2|78|30|1|3|8|14|3|1|"yr.sm"|658
"1985s1"|67|25|11|271|6|8|4|52|4|0|1|4|7|0|0|"yr.sm"|460
"1985s2"|54|42|4|160|17|5|2|47|3|0|0|4|5|1|2|"yr.sm"|346
"1986s1"|56|53|3|121|35|6|0|44|9|0|1|4|6|1|0|"yr.sm"|339
"1986s2"|90|31|6|86|40|4|0|13|7|1|1|4|8|0|0|"yr.sm"|291
"1987s1"|74|26|5|77|45|4|7|26|2|0|1|5|6|0|2|"yr.sm"|280
"1987s2"|60|27|3|69|42|6|1|34|5|1|0|5|14|0|2|"yr.sm"|269
"1988s1"|96|29|6|112|64|3|1|49|8|2|0|4|5|0|2|"yr.sm"|381
"1988s2"|76|33|2|67|43|3|6|35|6|0|1|5|13|1|1|"yr.sm"|292
"1989s1"|46|37|4|105|33|3|10|76|10|2|1|7|10|2|1|"yr.sm"|347
"1989s2"|76|38|9|206|22|5|4|55|6|3|1|10|12|2|4|"yr.sm"|453
"1990s1"|39|27|3|75|21|2|1|74|6|1|0|7|4|0|1|"yr.sm"|261
"1990s2"|51|18|11|66|19|3|1|50|1|0|2|4|4|1|0|"yr.sm"|231
"AHUACHAPAN"|65|113|0|158|13|0|2|47|3|0|0|2|5|0|4|"dept"|412
"CABANAS"|205|381|55|109|21|12|0|38|4|11|1|0|2|1|0|"dept"|840
"CHALATENANGO"|624|1447|286|176|46|21|16|53|12|6|4|3|6|2|0|"dept"|2702
"CUSCATLAN"|534|514|102|422|86|25|26|95|18|8|3|12|24|4|7|"dept"|1880
"LA LIBERTAD"|331|224|43|234|67|9|7|136|29|0|4|26|32|3|2|"dept"|1147
"LA PAZ"|252|195|12|143|37|6|4|61|12|2|1|4|10|2|1|"dept"|742
"MORAZAN"|654|232|102|208|370|8|14|87|21|7|16|2|13|0|0|"dept"|1734
"SAN MIGUEL"|118|70|8|195|39|2|1|118|10|4|0|6|9|1|0|"dept"|581
"SAN SALVADOR"|1361|491|84|1692|313|31|29|774|265|29|28|82|165|9|20|"dept"|5373
"SAN VICENTE"|1047|352|153|221|38|5|4|92|25|2|5|6|10|0|1|"dept"|1961
"SANTA ANA"|296|142|35|430|50|3|11|64|11|7|1|3|12|3|11|"dept"|1079
"SONSONATE"|122|102|28|46|21|2|7|41|4|1|0|1|14|1|1|"dept"|391
"USULUTAN"|421|175|18|176|24|3|1|211|43|7|4|9|9|0|2|"dept"|1103
"CABANAS.1980"|74|178|33|4|1|0|0|9|0|10|1|0|0|0|0|"dp.yr"|310
"CHALATENANGO.1980"|273|567|152|9|4|8|9|6|3|3|0|0|1|0|0|"dp.yr"|1035
"CHALATENANGO.1981"|119|292|48|3|3|0|0|5|0|0|0|0|2|0|0|"dp.yr"|472
"CHALATENANGO.1982"|98|265|53|16|9|1|0|2|0|0|1|2|0|1|0|"dp.yr"|448
"CUSCATLAN.1980"|127|224|32|39|8|1|1|21|4|4|0|0|3|0|0|"dp.yr"|464
"CUSCATLAN.1981"|96|125|29|17|10|1|3|14|5|1|0|0|3|1|2|"dp.yr"|307
"CUSCATLAN.1983"|174|62|18|81|15|4|18|7|1|0|0|0|3|0|0|"dp.yr"|383
"CUSCATLAN.1984"|33|29|1|123|17|8|0|7|1|1|0|8|2|2|3|"dp.yr"|235
"LA LIBERTAD.1980"|135|97|31|6|8|1|0|13|4|0|0|0|1|0|0|"dp.yr"|296
"LA LIBERTAD.1982"|36|31|2|64|18|2|3|29|9|0|3|3|10|1|1|"dp.yr"|212
"LA PAZ.1980"|79|90|9|10|0|0|2|16|0|1|1|0|0|1|0|"dp.yr"|209
"MORAZAN.1980"|175|72|26|2|1|0|0|26|0|3|1|1|1|0|0|"dp.yr"|308
"MORAZAN.1981"|253|72|49|109|344|2|10|30|1|1|7|1|3|0|0|"dp.yr"|882
"SAN SALVADOR.1980"|284|138|23|20|8|4|1|138|26|7|6|0|1|0|2|"dp.yr"|658
"SAN SALVADOR.1981"|369|127|40|28|24|1|3|126|56|5|5|5|18|0|0|"dp.yr"|807
"SAN SALVADOR.1982"|180|75|9|443|52|4|3|137|104|11|8|24|60|2|7|"dp.yr"|1119
"SAN SALVADOR.1983"|173|43|1|587|67|4|10|45|28|1|3|14|26|1|6|"dp.yr"|1009
"SAN SALVADOR.1984"|97|17|1|112|22|3|2|54|23|1|1|9|16|2|0|"dp.yr"|360
"SAN SALVADOR.1985"|40|15|0|117|12|1|1|43|5|0|0|6|8|0|2|"dp.yr"|250
"SAN SALVADOR.1988"|49|16|1|73|46|2|0|34|4|1|0|4|9|1|0|"dp.yr"|240
"SAN SALVADOR.1989"|55|18|2|159|22|8|2|45|1|2|2|9|9|2|1|"dp.yr"|337
"SAN VICENTE.1980"|217|104|52|22|5|0|2|16|5|1|1|0|0|0|1|"dp.yr"|426
"SAN VICENTE.1981"|282|79|27|15|1|0|0|13|7|0|4|1|1|0|0|"dp.yr"|430
"SAN VICENTE.1982"|441|120|70|51|7|2|1|19|4|1|0|3|1|0|0|"dp.yr"|720
"SANTA ANA.1980"|116|54|23|0|0|0|1|10|0|1|0|0|0|0|0|"dp.yr"|205
"SANTA ANA.1982"|27|24|3|170|10|1|1|17|5|0|0|0|4|2|6|"dp.yr"|270
"SANTA ANA.1983"|33|8|0|134|13|0|0|4|5|0|0|0|3|0|2|"dp.yr"|202
"USULUTAN.1981"|100|74|9|1|1|0|0|43|15|4|1|0|2|0|0|"dp.yr"|250
"USULUTAN.1982"|159|43|3|35|4|0|0|38|6|1|0|2|0|0|0|"dp.yr"|291
"AHUACHAPAN.8083"|46|99|0|66|4|0|0|22|1|0|0|0|0|0|0|"dp.pd"|238
"CABANAS.8083"|162|322|46|30|3|1|0|21|1|10|1|0|1|0|0|"dp.pd"|598
"CABANAS.8492"|43|59|9|79|18|11|0|17|3|1|0|0|1|1|0|"dp.pd"|242
"CHALATENANGO.8083"|518|1199|255|32|17|10|10|17|4|3|1|2|4|1|0|"dp.pd"|2073
"CHALATENANGO.8492"|106|248|31|144|29|11|6|36|8|3|3|1|2|1|0|"dp.pd"|629
"CUSCATLAN.8083"|441|472|93|179|44|10|25|49|11|5|2|1|13|1|3|"dp.pd"|1349
"CUSCATLAN.8492"|93|42|9|243|42|15|1|46|7|3|1|11|11|3|4|"dp.pd"|531
"LA LIBERTAD.8083"|261|198|40|118|41|7|6|71|22|0|4|9|26|1|1|"dp.pd"|805
"LA LIBERTAD.8492"|70|26|3|116|26|2|1|65|7|0|0|17|6|2|1|"dp.pd"|342
"LA PAZ.8083"|204|151|10|77|16|1|2|30|8|1|1|1|5|1|0|"dp.pd"|508
"LA PAZ.8492"|48|44|2|66|21|5|2|31|4|1|0|3|5|1|1|"dp.pd"|234
"MORAZAN.8083"|532|216|96|125|347|4|11|63|7|7|15|2|5|0|0|"dp.pd"|1430
"MORAZAN.8492"|122|16|6|83|23|4|3|24|14|0|1|0|8|0|0|"dp.pd"|304
"SAN MIGUEL.8083"|67|62|7|92|6|0|0|76|6|4|0|1|3|0|0|"dp.pd"|324
"SAN MIGUEL.8492"|51|8|1|103|33|2|1|42|4|0|0|5|6|1|0|"dp.pd"|257
"SAN SALVADOR.8083"|1006|383|73|1078|151|13|17|446|214|24|22|43|105|3|15|"dp.pd"|3593
"SAN SALVADOR.8492"|355|108|11|614|162|18|12|328|51|5|6|39|60|6|5|"dp.pd"|1780
"SAN VICENTE.8083"|970|321|149|119|14|2|3|53|17|2|5|4|4|0|1|"dp.pd"|1664
"SAN VICENTE.8492"|77|31|4|102|24|3|1|39|8|0|0|2|6|0|0|"dp.pd"|297
"SANTA ANA.8083"|237|112|32|306|27|2|2|40|10|4|0|1|7|3|8|"dp.pd"|791
"SANTA ANA.8492"|59|30|3|124|23|1|9|24|1|3|1|2|5|0|3|"dp.pd"|288
"SONSONATE.8083"|109|98|25|25|16|1|7|21|3|1|0|0|10|1|1|"dp.pd"|318
"USULUTAN.8083"|332|156|16|59|7|0|0|121|34|7|1|4|3|0|1|"dp.pd"|741
"USULUTAN.8492"|89|19|2|117|17|3|1|90|9|0|3|5|6|0|1|"dp.pd"|362
"8081"|3208|2757|639|346|439|22|36|643|158|51|28|14|50|3|5|"period2"|8399
"8283"|1700|1055|204|1968|254|29|47|395|182|20|24|54|138|8|25|"period2"|6103
"8485"|414|282|29|940|73|37|8|220|51|3|5|33|44|8|6|"period2"|2153
"8687"|284|153|17|353|162|20|8|117|23|2|3|18|34|1|4|"period2"|1199
"8889"|296|146|21|490|162|14|21|215|30|7|3|26|40|5|8|"period2"|1484
"9092"|155|68|17|141|40|5|2|238|15|4|4|11|8|1|1|"period2"|710
"8081.CABANAS"|123|290|45|12|1|0|0|15|1|10|1|0|0|0|0|"pd2.dp"|498
"8081.CHALATENANGO"|392|859|200|12|7|8|9|11|3|3|0|0|3|0|0|"pd2.dp"|1507
"8081.CUSCATLAN"|223|349|61|56|18|2|4|35|9|5|0|0|6|1|2|"pd2.dp"|771
"8081.LA LIBERTAD"|198|150|37|13|16|3|2|39|10|0|1|2|10|0|0|"pd2.dp"|481
"8081.LA PAZ"|187|128|10|15|2|1|2|25|6|1|1|0|0|1|0|"pd2.dp"|379
"8081.MORAZAN"|428|144|75|111|345|2|10|56|1|4|8|2|4|0|0|"pd2.dp"|1190
"8081.SAN SALVADOR"|653|265|63|48|32|5|4|264|82|12|11|5|19|0|2|"pd2.dp"|1465
"8081.SAN VICENTE"|499|183|79|37|6|0|2|29|12|1|5|1|1|0|1|"pd2.dp"|856
"8081.SANTA ANA"|177|80|29|2|4|1|1|19|0|4|0|1|0|1|0|"pd2.dp"|319
"8081.SONSONATE"|72|82|23|6|6|0|2|12|0|1|0|0|4|0|0|"pd2.dp"|208
"8081.USULUTAN"|161|101|12|1|2|0|0|70|27|5|1|2|2|0|0|"pd2.dp"|384
"8283.CHALATENANGO"|126|340|55|20|10|2|1|6|1|0|1|2|1|1|0|"pd2.dp"|566
"8283.CUSCATLAN"|218|123|32|123|26|8|21|14|2|0|2|1|7|0|1|"pd2.dp"|578
"8283.LA LIBERTAD"|63|48|3|105|25|4|4|32|12|0|3|7|16|1|1|"pd2.dp"|324
"8283.MORAZAN"|104|72|21|14|2|2|1|7|6|3|7|0|1|0|0|"pd2.dp"|240
"8283.SAN SALVADOR"|353|118|10|1030|119|8|13|182|132|12|11|38|86|3|13|"pd2.dp"|2128
"8283.SAN VICENTE"|471|138|70|82|8|2|1|24|5|1|0|3|3|0|0|"pd2.dp"|808
"8283.SANTA ANA"|60|32|3|304|23|1|1|21|10|0|0|0|7|2|8|"pd2.dp"|472
"8283.USULUTAN"|171|55|4|58|5|0|0|51|7|2|0|2|1|0|1|"pd2.dp"|357
"8485.CHALATENANGO"|36|104|6|58|5|5|2|10|3|1|2|1|2|0|0|"pd2.dp"|235
"8485.CUSCATLAN"|51|32|5|212|21|13|1|14|1|1|0|8|3|2|3|"pd2.dp"|367
"8485.SAN SALVADOR"|137|32|1|229|34|4|3|97|28|1|1|15|24|2|2|"pd2.dp"|610
"8687.SAN SALVADOR"|82|22|6|102|49|3|5|38|12|0|1|8|13|0|1|"pd2.dp"|342
"8889.SAN SALVADOR"|104|34|3|232|68|10|2|79|5|3|2|13|18|3|1|"pd2.dp"|577
"9092.SAN SALVADOR"|32|20|1|51|11|1|2|114|6|1|2|3|5|1|1|"pd2.dp"|251
"8082"|4340|3497|809|1317|562|38|48|936|295|69|49|50|136|10|21|"period3"|12177
"8385"|982|597|63|1937|204|50|43|322|96|5|8|51|96|9|15|"period3"|4478
"8688"|458|222|25|532|269|26|15|201|37|4|4|27|52|2|7|"period3"|1881
"8992"|277|145|30|452|95|13|16|369|31|9|6|28|30|5|6|"period3"|1512
"8082.AHUACHAPAN"|43|85|0|55|4|0|0|20|1|0|0|0|0|0|0|"pd3.dp"|208
"8082.CABANAS"|143|314|45|26|1|1|0|19|1|10|1|0|1|0|0|"pd3.dp"|562
"8082.CHALATENANGO"|490|1124|253|28|16|9|9|13|3|3|1|2|3|1|0|"pd3.dp"|1955
"8082.CUSCATLAN"|267|410|75|98|29|6|7|42|10|5|2|1|10|1|3|"pd3.dp"|966
"8082.LA LIBERTAD"|234|181|39|77|34|5|5|68|19|0|4|5|20|1|1|"pd3.dp"|693
"8082.LA PAZ"|191|144|10|46|4|1|2|29|6|1|1|1|5|1|0|"pd3.dp"|442
"8082.MORAZAN"|505|188|87|117|346|3|11|61|7|7|15|2|4|0|0|"pd3.dp"|1353
"8082.SAN MIGUEL"|55|49|7|63|3|0|0|70|6|4|0|1|0|0|0|"pd3.dp"|258
"8082.SAN SALVADOR"|833|340|72|491|84|9|7|401|186|23|19|29|79|2|9|"pd3.dp"|2584
"8082.SAN VICENTE"|940|303|149|88|13|2|3|48|16|2|5|4|2|0|1|"pd3.dp"|1576
"8082.SANTA ANA"|204|104|32|172|14|2|2|36|5|4|0|1|4|3|6|"pd3.dp"|589
"8082.SONSONATE"|100|90|24|14|8|0|2|14|0|1|0|0|5|1|1|"pd3.dp"|260
"8082.USULUTAN"|320|144|15|36|6|0|0|108|33|6|1|4|2|0|0|"pd3.dp"|675
"8385.CHALATENANGO"|64|179|8|62|6|6|3|14|4|1|2|1|3|0|0|"pd3.dp"|353
"8385.CUSCATLAN"|225|94|23|293|36|17|19|21|2|1|0|8|6|2|3|"pd3.dp"|750
"8385.LA LIBERTAD"|57|24|2|70|13|2|2|25|8|0|0|8|9|2|0|"pd3.dp"|222
"8385.SAN SALVADOR"|310|75|2|816|101|8|13|142|56|2|4|29|50|3|8|"pd3.dp"|1619
"8385.SAN VICENTE"|65|29|1|101|2|2|0|16|4|0|0|1|3|0|0|"pd3.dp"|224
"8385.SANTA ANA"|47|20|0|193|13|0|1|5|5|0|0|1|5|0|2|"pd3.dp"|292
"8688.CHALATENANGO"|35|77|11|65|15|3|1|18|0|1|0|0|0|0|0|"pd3.dp"|226
"8688.SAN SALVADOR"|131|38|7|175|95|5|5|72|16|1|1|12|22|1|1|"pd3.dp"|582
"8992.SAN SALVADOR"|87|38|3|210|33|9|4|159|7|3|4|12|14|3|2|"pd3.dp"|588
"1980"|1656|1671|407|116|38|14|17|315|60|36|10|4|7|1|3|"period2.5"|4355
"8182"|2684|1826|402|1201|524|24|31|621|235|33|39|46|129|9|18|"period2.5"|7822
"8384"|856|521|48|1506|181|37|37|223|89|5|7|43|84|8|13|"period2.5"|3658
"8586"|274|167|24|638|98|23|6|156|23|1|3|16|26|2|2|"period2.5"|1459
"8788"|310|131|16|325|194|16|15|144|21|3|2|19|38|1|7|"period2.5"|1242
"8990"|212|123|27|452|95|13|16|255|23|6|4|28|30|5|6|"period2.5"|1295
"9192"|65|22|3|0|0|0|0|114|8|3|2|0|0|0|0|"period2.5"|217
"1980.CABANAS"|74|178|33|4|1|0|0|9|0|10|1|0|0|0|0|"pd2.5.dp"|310
"1980.CHALATENANGO"|273|567|152|9|4|8|9|6|3|3|0|0|1|0|0|"pd2.5.dp"|1035
"1980.CUSCATLAN"|127|224|32|39|8|1|1|21|4|4|0|0|3|0|0|"pd2.5.dp"|464
"1980.LA LIBERTAD"|135|97|31|6|8|1|0|13|4|0|0|0|1|0|0|"pd2.5.dp"|296
"1980.LA PAZ"|79|90|9|10|0|0|2|16|0|1|1|0|0|1|0|"pd2.5.dp"|209
"1980.MORAZAN"|175|72|26|2|1|0|0|26|0|3|1|1|1|0|0|"pd2.5.dp"|308
"1980.SAN SALVADOR"|284|138|23|20|8|4|1|138|26|7|6|0|1|0|2|"pd2.5.dp"|658
"1980.SAN VICENTE"|217|104|52|22|5|0|2|16|5|1|1|0|0|0|1|"pd2.5.dp"|426
"1980.SANTA ANA"|116|54|23|0|0|0|1|10|0|1|0|0|0|0|0|"pd2.5.dp"|205
"8182.CABANAS"|69|136|12|22|0|1|0|10|1|0|0|0|1|0|0|"pd2.5.dp"|252
"8182.CHALATENANGO"|217|557|101|19|12|1|0|7|0|0|1|2|2|1|0|"pd2.5.dp"|920
"8182.CUSCATLAN"|140|186|43|59|21|5|6|21|6|1|2|1|7|1|3|"pd2.5.dp"|502
"8182.LA LIBERTAD"|99|84|8|71|26|4|5|55|15|0|4|5|19|1|1|"pd2.5.dp"|397
"8182.LA PAZ"|112|54|1|36|4|1|0|13|6|0|0|1|5|0|0|"pd2.5.dp"|233
"8182.MORAZAN"|330|116|61|115|345|3|11|35|7|4|14|1|3|0|0|"pd2.5.dp"|1045
"8182.SAN SALVADOR"|549|202|49|471|76|5|6|263|160|16|13|29|78|2|7|"pd2.5.dp"|1926
"8182.SAN VICENTE"|723|199|97|66|8|2|1|32|11|1|4|4|2|0|0|"pd2.5.dp"|1150
"8182.SANTA ANA"|88|50|9|172|14|2|1|26|5|3|0|1|4|3|6|"pd2.5.dp"|384
"8182.USULUTAN"|259|117|12|36|5|0|0|81|21|5|1|2|2|0|0|"pd2.5.dp"|541
"8384.CHALATENANGO"|47|147|5|41|5|6|1|11|4|1|2|1|3|0|0|"pd2.5.dp"|274
"8384.CUSCATLAN"|207|91|19|204|32|12|18|14|2|1|0|8|5|2|3|"pd2.5.dp"|618
"8384.SAN SALVADOR"|270|60|2|699|89|7|12|99|51|2|4|23|42|3|6|"pd2.5.dp"|1369
"8384.SANTA ANA"|42|18|0|165|13|0|0|4|5|0|0|0|5|0|2|"pd2.5.dp"|254
"8586.SAN SALVADOR"|90|28|3|179|32|3|1|63|14|0|1|9|12|0|2|"pd2.5.dp"|437
"8788.SAN SALVADOR"|81|25|4|113|75|3|5|52|7|1|0|9|18|1|1|"pd2.5.dp"|395
"8990.SAN SALVADOR"|72|36|2|210|33|9|4|102|3|2|3|12|14|3|2|"pd2.5.dp"|507
"8085.AHUACHAPAN"|48|106|0|140|4|0|0|28|2|0|0|1|1|0|0|"pd4.dp"|330
"8085.CABANAS"|181|367|53|89|3|11|0|31|1|10|1|0|1|0|0|"pd4.dp"|748
"8085.CHALATENANGO"|554|1303|261|90|22|15|12|27|7|4|3|3|6|1|0|"pd4.dp"|2308
"8085.CUSCATLAN"|492|504|98|391|65|23|26|63|12|6|2|9|16|3|6|"pd4.dp"|1716
"8085.LA LIBERTAD"|291|205|41|147|47|7|7|93|27|0|4|13|29|3|1|"pd4.dp"|915
"8085.LA PAZ"|209|162|11|95|16|3|2|39|8|1|1|3|6|2|1|"pd4.dp"|559
"8085.MORAZAN"|572|227|101|137|349|5|11|73|11|7|16|2|5|0|0|"pd4.dp"|1516
"8085.SAN MIGUEL"|78|63|8|140|6|0|0|83|8|4|0|1|5|1|0|"pd4.dp"|397
"8085.SAN SALVADOR"|1143|415|74|1307|185|17|20|543|242|25|23|58|129|5|17|"pd4.dp"|4203
"8085.SAN VICENTE"|1005|332|150|189|15|4|3|64|20|2|5|5|5|0|1|"pd4.dp"|1800
"8085.SANTA ANA"|251|124|32|365|27|2|3|41|10|4|0|2|9|3|8|"pd4.dp"|881
"8085.SONSONATE"|112|100|26|34|16|1|7|26|3|1|0|0|12|1|1|"pd4.dp"|340
"8085.USULUTAN"|362|163|16|112|11|0|0|138|38|7|2|4|6|0|1|"pd4.dp"|860
"8692.CHALATENANGO"|70|144|25|86|24|6|4|26|5|2|1|0|0|1|0|"pd4.dp"|394
"8692.LA LIBERTAD"|40|19|2|87|20|2|0|43|2|0|0|13|3|0|1|"pd4.dp"|232
"8692.MORAZAN"|82|5|1|71|21|3|3|14|10|0|0|0|8|0|0|"pd4.dp"|218
"8692.SAN SALVADOR"|218|76|10|385|128|14|9|231|23|4|5|24|36|4|3|"pd4.dp"|1170
"8692.USULUTAN"|59|12|2|64|13|3|1|73|5|0|2|5|3|0|1|"pd4.dp"|243
"EAST"|799|325|111|431|414|10|15|216|33|14|16|8|25|1|0|"region"|2418
"ECENTRAL"|1925|1103|238|649|120|26|9|402|84|22|11|19|31|3|4|"region"|4646
"WCENTRAL"|2850|2676|515|2524|512|86|78|1058|324|43|39|123|227|18|29|"region"|11102
"WEST"|483|357|63|634|84|5|20|152|18|8|1|6|31|4|16|"region"|1882
"EAST.1980"|223|105|30|3|1|0|0|44|5|7|1|2|1|0|0|"re.yr"|422
"EAST.1981"|267|91|50|111|344|2|10|67|2|2|7|1|4|0|0|"re.yr"|958
"EAST.1982"|85|62|15|72|4|1|1|27|8|5|7|0|0|0|0|"re.yr"|287
"ECENTRAL.1980"|431|399|97|36|7|0|4|68|17|13|3|2|0|1|1|"re.yr"|1079
"ECENTRAL.1981"|539|303|49|29|4|1|0|71|29|4|5|1|3|0|0|"re.yr"|1038
"ECENTRAL.1982"|624|203|73|131|13|3|1|65|10|2|0|6|7|0|0|"re.yr"|1138
"ECENTRAL.1983"|74|45|2|89|16|0|0|21|4|1|0|0|3|0|1|"re.yr"|256
"ECENTRAL.1984"|65|57|6|104|4|8|0|30|6|0|1|2|2|0|1|"re.yr"|286
"WCENTRAL.1980"|819|1026|238|74|28|14|11|178|37|14|6|0|6|0|2|"re.yr"|2453
"WCENTRAL.1981"|647|597|123|55|45|4|8|171|67|6|6|7|32|1|2|"re.yr"|1771
"WCENTRAL.1982"|358|432|78|565|90|11|9|175|114|11|14|30|74|4|9|"re.yr"|1974
"WCENTRAL.1983"|402|197|22|713|90|11|30|59|33|1|3|18|36|1|6|"re.yr"|1622
"WCENTRAL.1984"|173|122|6|290|46|16|2|76|32|3|3|22|23|6|3|"re.yr"|823
"WCENTRAL.1985"|81|53|7|238|20|6|5|67|5|0|0|6|9|0|2|"re.yr"|499
"WCENTRAL.1986"|86|45|8|127|33|5|0|30|9|0|1|5|9|0|0|"re.yr"|358
"WCENTRAL.1987"|55|34|5|67|45|4|6|31|6|0|0|6|12|0|2|"re.yr"|273
"WCENTRAL.1988"|75|54|6|95|65|3|0|54|6|2|0|6|9|1|1|"re.yr"|377
"WCENTRAL.1989"|77|62|10|215|32|8|5|70|4|3|2|12|10|4|1|"re.yr"|515
"WCENTRAL.1990"|41|36|9|85|18|4|2|74|4|0|2|11|7|1|1|"re.yr"|295
"WEST.1980"|183|141|42|3|2|0|2|25|1|2|0|0|0|0|0|"re.yr"|401
"WEST.1981"|99|95|10|35|8|1|1|19|0|3|0|1|4|1|0|"re.yr"|277
"WEST.1982"|65|43|4|203|16|1|1|26|5|0|0|0|5|3|7|"re.yr"|379
"WEST.1983"|45|30|1|156|21|1|5|13|8|0|0|0|8|0|2|"re.yr"|290
"EAST.8083"|622|301|104|225|353|4|11|147|15|14|15|3|10|0|0|"re.pd"|1824
"EAST.8492"|177|24|7|206|61|6|4|69|18|0|1|5|15|1|0|"re.pd"|594
"ECENTRAL.8083"|1668|950|221|285|40|4|5|225|60|20|8|9|13|1|2|"re.pd"|3511
"ECENTRAL.8492"|257|153|17|364|80|22|4|177|24|2|3|10|18|2|2|"re.pd"|1135
"WCENTRAL.8083"|2226|2252|461|1407|253|40|58|583|251|32|29|55|148|6|19|"re.pd"|7820
"WCENTRAL.8492"|624|424|54|1117|259|46|20|475|73|11|10|68|79|12|10|"re.pd"|3282
"WEST.8083"|392|309|57|397|47|3|9|83|14|5|0|1|17|4|9|"re.pd"|1347
"WEST.8492"|91|48|6|237|37|2|11|69|4|3|1|5|14|0|7|"re.pd"|535
"EAST.8081"|490|196|80|114|345|2|10|111|7|9|8|3|5|0|0|"re.pd2"|1380
"EAST.8283"|132|105|24|111|8|2|1|36|8|5|7|0|5|0|0|"re.pd2"|444
"ECENTRAL.8081"|970|702|146|65|11|1|4|139|46|17|8|3|3|1|1|"re.pd2"|2117
"ECENTRAL.8283"|698|248|75|220|29|3|1|86|14|3|0|6|10|0|1|"re.pd2"|1394
"ECENTRAL.8485"|89|74|9|200|5|14|0|47|7|0|1|3|5|1|1|"re.pd2"|456
"ECENTRAL.8687"|89|56|3|69|37|8|0|41|3|2|1|4|6|1|0|"re.pd2"|320
"ECENTRAL.8889"|60|15|3|79|34|0|4|36|10|0|1|3|7|0|1|"re.pd2"|253
"WCENTRAL.8081"|1466|1623|361|129|73|18|19|349|104|20|12|7|38|1|4|"re.pd2"|4224
"WCENTRAL.8283"|760|629|100|1278|180|22|39|234|147|12|17|48|110|5|15|"re.pd2"|3596
"WCENTRAL.8485"|254|175|13|528|66|22|7|143|37|3|3|28|32|6|5|"re.pd2"|1322
"WCENTRAL.8687"|141|79|13|194|78|9|6|61|15|0|1|11|21|0|2|"re.pd2"|631
"WCENTRAL.8889"|152|116|16|310|97|11|5|124|10|5|2|18|19|5|2|"re.pd2"|892
"WCENTRAL.9092"|77|54|12|85|18|4|2|147|11|3|4|11|7|1|1|"re.pd2"|437
"WEST.8081"|282|236|52|38|10|1|3|44|1|5|0|1|4|1|0|"re.pd2"|678
"WEST.8283"|110|73|5|359|37|2|6|39|13|0|0|0|13|3|9|"re.pd2"|669
"WEST.8485"|19|21|1|142|0|0|1|12|1|0|0|2|5|0|0|"re.pd2"|204
"EAST.1980"|223|105|30|3|1|0|0|44|5|7|1|2|1|0|0|"re.pd2.5"|422
"EAST.8182"|352|153|65|183|348|3|11|94|10|7|14|1|4|0|0|"re.pd2.5"|1245
"EAST.8384"|84|53|10|69|4|1|0|17|5|0|0|0|7|1|0|"re.pd2.5"|251
"EAST.8788"|63|8|1|67|31|5|4|15|3|0|0|3|7|0|0|"re.pd2.5"|207
"ECENTRAL.1980"|431|399|97|36|7|0|4|68|17|13|3|2|0|1|1|"re.pd2.5"|1079
"ECENTRAL.8182"|1163|506|122|160|17|4|1|136|39|6|5|7|10|0|0|"re.pd2.5"|2176
"ECENTRAL.8384"|139|102|8|193|20|8|0|51|10|1|1|2|5|0|2|"re.pd2.5"|542
"ECENTRAL.8586"|60|56|4|133|19|10|0|37|4|1|1|3|7|2|0|"re.pd2.5"|337
"ECENTRAL.8788"|96|24|3|60|38|4|1|38|6|1|1|3|7|0|1|"re.pd2.5"|283
"WCENTRAL.1980"|819|1026|238|74|28|14|11|178|37|14|6|0|6|0|2|"re.pd2.5"|2453
"WCENTRAL.8182"|1005|1029|201|620|135|15|17|346|181|17|20|37|106|5|11|"re.pd2.5"|3745
"WCENTRAL.8384"|575|319|28|1003|136|27|32|135|65|4|6|40|59|7|9|"re.pd2.5"|2445
"WCENTRAL.8586"|167|98|15|365|53|11|5|97|14|0|1|11|18|0|2|"re.pd2.5"|857
"WCENTRAL.8788"|130|88|11|162|110|7|6|85|12|2|0|12|21|1|3|"re.pd2.5"|650
"WCENTRAL.8990"|118|98|19|300|50|12|7|144|8|3|4|23|17|5|2|"re.pd2.5"|810
"WEST.1980"|183|141|42|3|2|0|2|25|1|2|0|0|0|0|0|"re.pd2.5"|401
"WEST.8182"|164|138|14|238|24|2|2|45|5|3|0|1|9|4|7|"re.pd2.5"|656
"WEST.8384"|58|47|2|241|21|1|5|20|9|0|0|1|13|0|2|"re.pd2.5"|420
"EAST.8082"|575|258|95|186|349|3|11|138|15|14|15|3|5|0|0|"re.pd3"|1667
"EAST.8385"|99|55|15|109|6|2|0|27|6|0|1|0|7|1|0|"re.pd3"|328
"EAST.8688"|83|9|1|96|51|5|4|19|6|0|0|4|7|0|0|"re.pd3"|285
"ECENTRAL.8082"|1594|905|219|196|24|4|5|204|56|19|8|9|10|1|1|"re.pd3"|3255
"ECENTRAL.8385"|163|119|11|289|21|14|0|68|11|1|1|3|8|1|2|"re.pd3"|712
"ECENTRAL.8688"|132|63|4|97|56|8|1|58|9|2|2|5|11|1|1|"re.pd3"|450
"ECENTRAL.8992"|36|16|4|67|19|0|3|72|8|0|0|2|2|0|0|"re.pd3"|229
"WCENTRAL.8082"|1824|2055|439|694|163|29|28|524|218|31|26|37|112|5|13|"re.pd3"|6198
"WCENTRAL.8385"|656|372|35|1241|156|33|37|202|70|4|6|46|68|7|11|"re.pd3"|2944
"WCENTRAL.8688"|216|133|19|289|143|12|6|115|21|2|1|17|30|1|3|"re.pd3"|1008
"WCENTRAL.8992"|154|116|22|300|50|12|7|217|15|6|6|23|17|5|2|"re.pd3"|952
"WEST.8082"|347|279|56|241|26|2|4|70|6|5|0|1|9|4|7|"re.pd3"|1057
"WEST.8385"|64|51|2|298|21|1|6|25|9|0|0|2|13|0|2|"re.pd3"|494
"EAST.8085"|674|313|110|295|355|5|11|165|21|14|16|3|12|1|0|"re.pd4"|1995
"EAST.8692"|125|12|1|136|59|5|4|51|12|0|0|5|13|0|0|"re.pd4"|423
"ECENTRAL.8085"|1757|1024|230|485|45|18|5|272|67|20|9|12|18|2|3|"re.pd4"|3967
"ECENTRAL.8692"|168|79|8|164|75|8|4|130|17|2|2|7|13|1|1|"re.pd4"|679
"WCENTRAL.8085"|2480|2427|474|1935|319|62|65|726|288|35|32|83|180|12|24|"re.pd4"|9142
"WCENTRAL.8692"|370|249|41|589|193|24|13|332|36|8|7|40|47|6|5|"re.pd4"|1960
"WEST.8085"|411|330|58|539|47|3|10|95|15|5|0|3|22|4|9|"re.pd4"|1551
"WEST.8692"|72|27|5|95|37|2|10|57|3|3|1|3|9|0|7|"re.pd4"|331
"EAST2"|799|325|111|431|414|10|15|216|33|14|16|8|25|1|0|"r2"|2418
"NCENTRAL"|829|1828|341|285|67|33|16|91|16|17|5|3|8|3|0|"r2"|3542
"SCENTRAL"|1720|722|183|540|99|14|9|364|80|11|10|19|29|2|4|"r2"|3806
"SSREGION"|2226|1229|229|2348|466|65|62|1005|312|37|35|120|221|16|29|"r2"|8400
"WEST2"|483|357|63|634|84|5|20|152|18|8|1|6|31|4|16|"r2"|1882
"EAST2.1980"|223|105|30|3|1|0|0|44|5|7|1|2|1|0|0|"re2.yr"|422
"EAST2.1981"|267|91|50|111|344|2|10|67|2|2|7|1|4|0|0|"re2.yr"|958
"EAST2.1982"|85|62|15|72|4|1|1|27|8|5|7|0|0|0|0|"re2.yr"|287
"NCENTRAL.1980"|347|745|185|13|5|8|9|15|3|13|1|0|1|0|0|"re2.yr"|1345
"NCENTRAL.1981"|168|404|60|11|3|0|0|11|1|0|0|0|2|0|0|"re2.yr"|660
"NCENTRAL.1982"|118|289|53|30|9|2|0|6|0|0|1|2|1|1|0|"re2.yr"|512
"NCENTRAL.1984"|34|114|9|91|4|13|0|12|3|1|2|1|2|0|0|"re2.yr"|286
"SCENTRAL.1980"|357|221|64|32|6|0|4|59|17|3|2|2|0|1|1|"re2.yr"|769
"SCENTRAL.1981"|490|191|37|21|4|1|0|65|28|4|5|1|3|0|0|"re2.yr"|850
"SCENTRAL.1982"|604|179|73|117|13|2|1|61|10|2|0|6|6|0|0|"re2.yr"|1074
"SCENTRAL.1983"|55|37|1|85|14|0|0|19|4|1|0|0|3|0|1|"re2.yr"|220
"SSREGION.1980"|546|459|86|65|24|6|2|172|34|11|6|0|5|0|2|"re2.yr"|1418
"SSREGION.1981"|528|305|75|52|42|4|8|166|67|6|6|7|30|1|2|"re2.yr"|1299
"SSREGION.1982"|260|167|25|549|81|10|9|173|114|11|13|28|74|3|9|"re2.yr"|1526
"SSREGION.1983"|374|122|20|709|89|10|29|55|32|1|3|18|35|1|6|"re2.yr"|1504
"SSREGION.1984"|154|50|3|253|42|11|2|69|29|2|1|21|21|6|3|"re2.yr"|667
"SSREGION.1985"|64|21|4|217|19|6|3|64|5|0|0|6|9|0|2|"re2.yr"|420
"SSREGION.1986"|71|19|3|86|28|4|0|26|9|0|1|5|9|0|0|"re2.yr"|261
"SSREGION.1987"|44|15|3|55|40|2|5|29|6|0|0|6|12|0|2|"re2.yr"|219
"SSREGION.1988"|66|22|2|83|60|3|0|42|6|1|0|6|9|1|1|"re2.yr"|302
"SSREGION.1989"|64|23|6|203|25|8|2|68|3|3|2|12|10|3|1|"re2.yr"|433
"SSREGION.1990"|29|21|0|76|16|1|2|72|2|0|2|11|7|1|1|"re2.yr"|241
"WEST2.1980"|183|141|42|3|2|0|2|25|1|2|0|0|0|0|0|"re2.yr"|401
"WEST2.1981"|99|95|10|35|8|1|1|19|0|3|0|1|4|1|0|"re2.yr"|277
"WEST2.1982"|65|43|4|203|16|1|1|26|5|0|0|0|5|3|7|"re2.yr"|379
"WEST2.1983"|45|30|1|156|21|1|5|13|8|0|0|0|8|0|2|"re2.yr"|290
"EAST2.8083"|622|301|104|225|353|4|11|147|15|14|15|3|10|0|0|"re2.pd"|1824
"EAST2.8492"|177|24|7|206|61|6|4|69|18|0|1|5|15|1|0|"re2.pd"|594
"NCENTRAL.8083"|680|1521|301|62|20|11|10|38|5|13|2|2|5|1|0|"re2.pd"|2671
"NCENTRAL.8492"|149|307|40|223|47|22|6|53|11|4|3|1|3|2|0|"re2.pd"|871
"SCENTRAL.8083"|1506|628|175|255|37|3|5|204|59|10|7|9|12|1|2|"re2.pd"|2913
"SCENTRAL.8492"|214|94|8|285|62|11|4|160|21|1|3|10|17|1|2|"re2.pd"|893
"SSREGION.8083"|1708|1053|206|1375|236|30|48|566|247|29|28|53|144|5|19|"re2.pd"|5747
"SSREGION.8492"|518|176|23|973|230|35|14|439|65|8|7|67|77|11|10|"re2.pd"|2653
"WEST2.8083"|392|309|57|397|47|3|9|83|14|5|0|1|17|4|9|"re2.pd"|1347
"WEST2.8492"|91|48|6|237|37|2|11|69|4|3|1|5|14|0|7|"re2.pd"|535
"EAST2.8081"|490|196|80|114|345|2|10|111|7|9|8|3|5|0|0|"re2.pd2"|1380
"EAST2.8283"|132|105|24|111|8|2|1|36|8|5|7|0|5|0|0|"re2.pd2"|444
"NCENTRAL.8081"|515|1149|245|24|8|8|9|26|4|13|1|0|3|0|0|"re2.pd2"|2005
"NCENTRAL.8283"|165|372|56|38|12|3|1|12|1|0|1|2|2|1|0|"re2.pd2"|666
"NCENTRAL.8485"|55|149|13|117|5|15|2|20|3|1|2|1|2|0|0|"re2.pd2"|385
"SCENTRAL.8081"|847|412|101|53|10|1|4|124|45|7|7|3|3|1|1|"re2.pd2"|1619
"SCENTRAL.8283"|659|216|74|202|27|2|1|80|14|3|0|6|9|0|1|"re2.pd2"|1294
"SCENTRAL.8485"|70|29|2|141|5|4|0|37|7|0|1|3|5|1|1|"re2.pd2"|306
"SCENTRAL.8687"|78|49|2|55|28|7|0|40|2|1|1|4|5|0|0|"re2.pd2"|272
"SCENTRAL.8889"|49|10|3|76|25|0|4|34|9|0|1|3|7|0|1|"re2.pd2"|222
"SSREGION.8081"|1074|764|161|117|66|10|10|338|101|17|12|7|35|1|4|"re2.pd2"|2717
"SSREGION.8283"|634|289|45|1258|170|20|38|228|146|12|16|46|109|4|15|"re2.pd2"|3030
"SSREGION.8485"|218|71|7|470|61|17|5|133|34|2|1|27|30|6|5|"re2.pd2"|1087
"SSREGION.8687"|115|34|6|141|68|6|5|55|15|0|1|11|21|0|2|"re2.pd2"|480
"SSREGION.8889"|130|45|8|286|85|11|2|110|9|4|2|18|19|4|2|"re2.pd2"|735
"SSREGION.9092"|55|26|2|76|16|1|2|141|7|2|3|11|7|1|1|"re2.pd2"|351
"WEST2.8081"|282|236|52|38|10|1|3|44|1|5|0|1|4|1|0|"re2.pd2"|678
"WEST2.8283"|110|73|5|359|37|2|6|39|13|0|0|0|13|3|9|"re2.pd2"|669
"WEST2.8485"|19|21|1|142|0|0|1|12|1|0|0|2|5|0|0|"re2.pd2"|204
"EAST2.1980"|223|105|30|3|1|0|0|44|5|7|1|2|1|0|0|"re2.pd2.5"|422
"EAST2.8182"|352|153|65|183|348|3|11|94|10|7|14|1|4|0|0|"re2.pd2.5"|1245
"EAST2.8384"|84|53|10|69|4|1|0|17|5|0|0|0|7|1|0|"re2.pd2.5"|251
"EAST2.8788"|63|8|1|67|31|5|4|15|3|0|0|3|7|0|0|"re2.pd2.5"|207
"NCENTRAL.1980"|347|745|185|13|5|8|9|15|3|13|1|0|1|0|0|"re2.pd2.5"|1345
"NCENTRAL.8182"|286|693|113|41|12|2|0|17|1|0|1|2|3|1|0|"re2.pd2.5"|1172
"NCENTRAL.8384"|81|197|12|99|7|14|1|18|4|1|2|1|3|0|0|"re2.pd2.5"|440
"NCENTRAL.8586"|41|64|9|72|11|4|2|13|1|1|0|0|1|1|0|"re2.pd2.5"|220
"SCENTRAL.1980"|357|221|64|32|6|0|4|59|17|3|2|2|0|1|1|"re2.pd2.5"|769
"SCENTRAL.8182"|1094|370|110|138|17|3|1|126|38|6|5|7|9|0|0|"re2.pd2.5"|1924
"SCENTRAL.8384"|105|52|1|135|18|0|0|44|10|1|1|2|5|0|2|"re2.pd2.5"|376
"SCENTRAL.8586"|51|50|3|123|14|7|0|31|3|0|1|3|6|1|0|"re2.pd2.5"|293
"SCENTRAL.8788"|79|18|2|49|29|4|1|38|5|1|1|3|7|0|1|"re2.pd2.5"|238
"SSREGION.1980"|546|459|86|65|24|6|2|172|34|11|6|0|5|0|2|"re2.pd2.5"|1418
"SSREGION.8182"|788|472|100|601|123|14|17|339|181|17|19|35|104|4|11|"re2.pd2.5"|2825
"SSREGION.8384"|528|172|23|962|131|21|31|124|61|3|4|39|56|7|9|"re2.pd2.5"|2171
"SSREGION.8586"|135|40|7|303|47|10|3|90|14|0|1|11|18|0|2|"re2.pd2.5"|681
"SSREGION.8788"|110|37|5|138|100|5|5|71|12|1|0|12|21|1|3|"re2.pd2.5"|521
"SSREGION.8990"|93|44|6|279|41|9|4|140|5|3|4|23|17|4|2|"re2.pd2.5"|674
"WEST2.1980"|183|141|42|3|2|0|2|25|1|2|0|0|0|0|0|"re2.pd2.5"|401
"WEST2.8182"|164|138|14|238|24|2|2|45|5|3|0|1|9|4|7|"re2.pd2.5"|656
"WEST2.8384"|58|47|2|241|21|1|5|20|9|0|0|1|13|0|2|"re2.pd2.5"|420
"EAST2.8082"|575|258|95|186|349|3|11|138|15|14|15|3|5|0|0|"re2.pd3"|1667
"EAST2.8385"|99|55|15|109|6|2|0|27|6|0|1|0|7|1|0|"re2.pd3"|328
"EAST2.8688"|83|9|1|96|51|5|4|19|6|0|0|4|7|0|0|"re2.pd3"|285
"NCENTRAL.8082"|633|1438|298|54|17|10|9|32|4|13|2|2|4|1|0|"re2.pd3"|2517
"NCENTRAL.8385"|102|232|16|125|8|16|3|26|4|1|2|1|3|0|0|"re2.pd3"|539
"NCENTRAL.8688"|57|86|12|81|29|4|1|19|2|2|0|0|1|1|0|"re2.pd3"|295
"SCENTRAL.8082"|1451|591|174|170|23|3|5|185|55|9|7|9|9|1|1|"re2.pd3"|2693
"SCENTRAL.8385"|125|66|3|226|19|4|0|56|11|1|1|3|8|1|2|"re2.pd3"|526
"SCENTRAL.8688"|110|54|3|81|42|7|1|57|7|1|2|5|10|0|1|"re2.pd3"|381
"SCENTRAL.8992"|34|11|3|63|15|0|3|66|7|0|0|2|2|0|0|"re2.pd3"|206
"SSREGION.8082"|1334|931|186|666|147|20|19|511|215|28|25|35|109|4|13|"re2.pd3"|4243
"SSREGION.8385"|592|193|27|1179|150|27|34|188|66|3|4|45|65|7|11|"re2.pd3"|2591
"SSREGION.8688"|181|56|8|224|128|9|5|97|21|1|1|17|30|1|3|"re2.pd3"|782
"SSREGION.8992"|119|49|8|279|41|9|4|209|10|5|5|23|17|4|2|"re2.pd3"|784
"WEST2.8082"|347|279|56|241|26|2|4|70|6|5|0|1|9|4|7|"re2.pd3"|1057
"WEST2.8385"|64|51|2|298|21|1|6|25|9|0|0|2|13|0|2|"re2.pd3"|494
"EAST2.8085"|674|313|110|295|355|5|11|165|21|14|16|3|12|1|0|"re2.pd4"|1995
"EAST2.8692"|125|12|1|136|59|5|4|51|12|0|0|5|13|0|0|"re2.pd4"|423
"NCENTRAL.8085"|735|1670|314|179|25|26|12|58|8|14|4|3|7|1|0|"re2.pd4"|3056
"NCENTRAL.8692"|94|158|27|106|42|7|4|33|8|3|1|0|1|2|0|"re2.pd4"|486
"SCENTRAL.8085"|1576|657|177|396|42|7|5|241|66|10|8|12|17|2|3|"re2.pd4"|3219
"SCENTRAL.8692"|144|65|6|144|57|7|4|123|14|1|2|7|12|0|1|"re2.pd4"|587
"SSREGION.8085"|1926|1124|213|1845|297|47|53|699|281|31|29|80|174|11|24|"re2.pd4"|6834
"SSREGION.8692"|300|105|16|503|169|18|9|306|31|6|6|40|47|5|5|"re2.pd4"|1566
"WEST2.8085"|411|330|58|539|47|3|10|95|15|5|0|3|22|4|9|"re2.pd4"|1551
"WEST2.8692"|72|27|5|95|37|2|10|57|3|3|1|3|9|0|7|"re2.pd4"|331
"AHUA-SONS"|187|215|28|204|34|2|9|88|7|1|0|3|19|1|5|"r3"|803
"CUSC-CABA"|739|895|157|531|107|37|26|133|22|19|4|12|26|5|7|"r3"|2720
"LALI-SANS"|1692|715|127|1926|380|40|36|910|294|29|32|108|197|12|22|"r3"|6520
"LAPA-SANV"|1299|547|165|364|75|11|8|153|37|4|6|10|20|2|2|"r3"|2703
"MORA-LAUN"|681|255|103|236|375|8|14|98|23|10|16|2|16|0|0|"r3"|1837
"SANT-CHAL"|920|1589|321|606|96|24|27|117|23|13|5|6|18|5|11|"r3"|3781
"USUL-SANM"|539|245|26|371|63|5|2|329|53|11|4|15|18|1|2|"r3"|1684
"CUSC-CABA.1980"|201|402|65|43|9|1|1|30|4|14|1|0|3|0|0|"re3.yr"|774
"CUSC-CABA.1981"|145|237|41|25|10|1|3|20|6|1|0|0|3|1|2|"re3.yr"|495
"CUSC-CABA.1982"|64|85|14|56|11|5|3|11|1|0|2|1|5|0|1|"re3.yr"|259
"CUSC-CABA.1983"|193|70|19|85|17|4|18|9|1|0|0|0|3|0|0|"re3.yr"|419
"CUSC-CABA.1984"|48|71|7|177|17|16|0|12|1|1|0|8|2|2|3|"re3.yr"|365
"LALI-SANS.1980"|419|235|54|26|16|5|1|151|30|7|6|0|2|0|2|"re3.yr"|954
"LALI-SANS.1981"|432|180|46|35|32|3|5|152|62|5|6|7|27|0|0|"re3.yr"|992
"LALI-SANS.1982"|216|106|11|507|70|6|6|166|113|11|11|27|70|3|8|"re3.yr"|1331
"LALI-SANS.1983"|200|60|2|628|74|6|11|48|31|1|3|18|32|1|6|"re3.yr"|1121
"LALI-SANS.1984"|121|21|2|130|25|3|2|62|28|1|1|13|19|4|0|"re3.yr"|432
"LALI-SANS.1985"|46|18|0|128|15|1|2|57|5|0|0|6|8|0|2|"re3.yr"|288
"LALI-SANS.1986"|63|16|3|73|25|4|0|24|9|0|1|5|6|0|0|"re3.yr"|229
"LALI-SANS.1988"|54|21|1|80|52|2|0|35|4|1|0|5|9|1|1|"re3.yr"|266
"LALI-SANS.1989"|58|23|4|196|23|8|2|57|1|2|2|11|9|2|1|"re3.yr"|399
"LALI-SANS.1990"|24|21|0|71|14|1|2|68|2|0|1|10|5|1|1|"re3.yr"|221
"LAPA-SANV.1980"|296|194|61|32|5|0|4|32|5|2|2|0|0|1|1|"re3.yr"|635
"LAPA-SANV.1981"|390|117|28|20|3|1|0|22|13|0|4|1|1|0|0|"re3.yr"|600
"LAPA-SANV.1982"|445|136|70|82|9|2|1|23|4|1|0|4|6|0|0|"re3.yr"|783
"MORA-LAUN.1980"|189|80|27|2|1|0|0|33|2|6|1|1|1|0|0|"re3.yr"|343
"MORA-LAUN.1981"|253|79|49|111|344|2|10|30|1|1|7|1|4|0|0|"re3.yr"|892
"SANT-CHAL.1980"|389|621|175|9|4|8|10|16|3|4|0|0|1|0|0|"re3.yr"|1240
"SANT-CHAL.1981"|180|318|54|5|7|1|0|14|0|3|0|1|2|1|0|"re3.yr"|586
"SANT-CHAL.1982"|125|289|56|186|19|2|1|19|5|0|1|2|4|3|6|"re3.yr"|718
"SANT-CHAL.1983"|61|83|2|138|14|1|1|8|6|0|0|0|4|0|2|"re3.yr"|320
"SANT-CHAL.1984"|28|82|3|68|4|5|0|7|3|1|2|1|4|0|0|"re3.yr"|208
"USUL-SANM.1980"|95|52|6|1|1|0|0|38|15|2|0|3|0|0|0|"re3.yr"|213
"USUL-SANM.1981"|114|86|10|1|1|0|0|80|16|5|1|0|2|0|0|"re3.yr"|316
"USUL-SANM.1982"|166|55|6|97|7|0|0|60|8|3|0|2|0|0|0|"re3.yr"|404
"AHUA-SONS.8083"|155|197|25|91|20|1|7|43|4|1|0|0|10|1|1|"re3.pd"|556
"AHUA-SONS.8492"|32|18|3|113|14|1|2|45|3|0|0|3|9|0|4|"re3.pd"|247
"CUSC-CABA.8083"|603|794|139|209|47|11|25|70|12|15|3|1|14|1|3|"re3.pd"|1947
"CUSC-CABA.8492"|136|101|18|322|60|26|1|63|10|4|1|11|12|4|4|"re3.pd"|773
"LALI-SANS.8083"|1267|581|113|1196|192|20|23|517|236|24|26|52|131|4|16|"re3.pd"|4398
"LALI-SANS.8492"|425|134|14|730|188|20|13|393|58|5|6|56|66|8|6|"re3.pd"|2122
"LAPA-SANV.8083"|1174|472|159|196|30|3|5|83|25|3|6|5|9|1|1|"re3.pd"|2172
"LAPA-SANV.8492"|125|75|6|168|45|8|3|70|12|1|0|5|11|1|1|"re3.pd"|531
"MORA-LAUN.8083"|555|239|97|133|347|4|11|71|9|10|15|2|7|0|0|"re3.pd"|1500
"MORA-LAUN.8492"|126|16|6|103|28|4|3|27|14|0|1|0|9|0|0|"re3.pd"|337
"SANT-CHAL.8083"|755|1311|287|338|44|12|12|57|14|7|1|3|11|4|8|"re3.pd"|2864
"SANT-CHAL.8492"|165|278|34|268|52|12|15|60|9|6|4|3|7|1|3|"re3.pd"|917
"USUL-SANM.8083"|399|218|23|151|13|0|0|197|40|11|1|5|6|0|1|"re3.pd"|1065
"USUL-SANM.8492"|140|27|3|220|50|5|2|132|13|0|3|10|12|1|1|"re3.pd"|619
"AHUA-SONS.8081"|105|156|23|36|6|0|2|25|1|1|0|0|4|0|0|"re3.pd2"|359
"CUSC-CABA.8081"|346|639|106|68|19|2|4|50|10|15|1|0|6|1|2|"re3.pd2"|1269
"CUSC-CABA.8283"|257|155|33|141|28|9|21|20|2|0|2|1|8|0|1|"re3.pd2"|678
"CUSC-CABA.8485"|70|77|12|271|21|23|1|24|1|1|0|8|3|2|3|"re3.pd2"|517
"LALI-SANS.8081"|851|415|100|61|48|8|6|303|92|12|12|7|29|0|2|"re3.pd2"|1946
"LALI-SANS.8283"|416|166|13|1135|144|12|17|214|144|12|14|45|102|4|14|"re3.pd2"|2452
"LALI-SANS.8485"|167|39|2|258|40|4|4|119|33|1|1|19|27|4|2|"re3.pd2"|720
"LALI-SANS.8687"|99|27|6|125|59|5|5|49|14|0|1|11|16|0|1|"re3.pd2"|418
"LALI-SANS.8889"|112|44|5|276|75|10|2|92|5|3|2|16|18|3|2|"re3.pd2"|665
"LALI-SANS.9092"|47|24|1|71|14|1|2|133|6|1|2|10|5|1|1|"re3.pd2"|319
"LAPA-SANV.8081"|686|311|89|52|8|1|4|54|18|2|6|1|1|1|1|"re3.pd2"|1235
"LAPA-SANV.8283"|488|161|70|144|22|2|1|29|7|1|0|4|8|0|0|"re3.pd2"|937
"MORA-LAUN.8081"|442|159|76|113|345|2|10|63|3|7|8|2|5|0|0|"re3.pd2"|1235
"MORA-LAUN.8283"|113|80|21|20|2|2|1|8|6|3|7|0|2|0|0|"re3.pd2"|265
"SANT-CHAL.8081"|569|939|229|14|11|9|10|30|3|7|0|1|3|1|0|"re3.pd2"|1826
"SANT-CHAL.8283"|186|372|58|324|33|3|2|27|11|0|1|2|8|3|8|"re3.pd2"|1038
"SANT-CHAL.8485"|50|116|6|117|5|5|3|11|3|1|2|2|4|0|0|"re3.pd2"|325
"SANT-CHAL.8687"|32|53|7|69|20|4|1|8|1|0|1|0|2|0|2|"re3.pd2"|200
"SANT-CHAL.8889"|45|77|10|57|17|0|11|26|1|3|0|1|1|1|1|"re3.pd2"|251
"USUL-SANM.8081"|209|138|16|2|2|0|0|118|31|7|1|3|2|0|0|"re3.pd2"|529
"USUL-SANM.8283"|190|80|7|149|11|0|0|79|9|4|0|2|4|0|1|"re3.pd2"|536
"AHUA-SONS.8182"|76|88|5|66|10|0|1|19|0|0|0|0|5|1|1|"re3.pd2.5"|272
"CUSC-CABA.1980"|201|402|65|43|9|1|1|30|4|14|1|0|3|0|0|"re3.pd2.5"|774
"CUSC-CABA.8182"|209|322|55|81|21|6|6|31|7|1|2|1|8|1|3|"re3.pd2.5"|754
"CUSC-CABA.8384"|241|141|26|262|34|20|18|21|2|1|0|8|5|2|3|"re3.pd2.5"|784
"CUSC-CABA.8586"|35|12|5|112|12|8|1|15|1|1|0|0|5|1|0|"re3.pd2.5"|208
"LALI-SANS.1980"|419|235|54|26|16|5|1|151|30|7|6|0|2|0|2|"re3.pd2.5"|954
"LALI-SANS.8182"|648|286|57|542|102|9|11|318|175|16|17|34|97|3|8|"re3.pd2.5"|2323
"LALI-SANS.8384"|321|81|4|758|99|9|13|110|59|2|4|31|51|5|6|"re3.pd2.5"|1553
"LALI-SANS.8586"|109|34|3|201|40|5|2|81|14|0|1|11|14|0|2|"re3.pd2.5"|517
"LALI-SANS.8788"|90|32|4|132|86|3|5|60|9|1|0|11|19|1|2|"re3.pd2.5"|455
"LALI-SANS.8990"|82|44|4|267|37|9|4|125|3|2|3|21|14|3|2|"re3.pd2.5"|620
"LAPA-SANV.1980"|296|194|61|32|5|0|4|32|5|2|2|0|0|1|1|"re3.pd2.5"|635
"LAPA-SANV.8182"|835|253|98|102|12|3|1|45|17|1|4|5|7|0|0|"re3.pd2.5"|1383
"LAPA-SANV.8384"|73|35|0|104|14|0|0|20|6|0|0|2|4|0|1|"re3.pd2.5"|259
"MORA-LAUN.1980"|189|80|27|2|1|0|0|33|2|6|1|1|1|0|0|"re3.pd2.5"|343
"MORA-LAUN.8182"|331|129|61|121|345|3|11|35|7|4|14|1|4|0|0|"re3.pd2.5"|1066
"SANT-CHAL.1980"|389|621|175|9|4|8|10|16|3|4|0|0|1|0|0|"re3.pd2.5"|1240
"SANT-CHAL.8182"|305|607|110|191|26|3|1|33|5|3|1|3|6|4|6|"re3.pd2.5"|1304
"SANT-CHAL.8384"|89|165|5|206|18|6|1|15|9|1|2|1|8|0|2|"re3.pd2.5"|528
"SANT-CHAL.8586"|41|63|8|98|9|2|3|10|1|0|0|1|1|0|0|"re3.pd2.5"|237
"SANT-CHAL.8788"|37|59|7|49|21|2|5|15|0|1|1|0|1|0|3|"re3.pd2.5"|201
"SANT-CHAL.8990"|43|60|15|53|18|3|7|20|3|3|0|1|1|1|0|"re3.pd2.5"|228
"USUL-SANM.1980"|95|52|6|1|1|0|0|38|15|2|0|3|0|0|0|"re3.pd2.5"|213
"USUL-SANM.8182"|280|141|16|98|8|0|0|140|24|8|1|2|2|0|0|"re3.pd2.5"|720
"USUL-SANM.8384"|53|31|1|78|7|0|0|32|6|1|1|0|6|1|1|"re3.pd2.5"|218
"USUL-SANM.8586"|30|8|1|109|17|1|0|31|3|0|1|3|3|0|0|"re3.pd2.5"|207
"AHUA-SONS.8082"|143|175|24|69|12|0|2|34|1|1|0|0|5|1|1|"re3.pd3"|468
"AHUA-SONS.8385"|17|31|2|105|8|1|5|20|4|0|0|1|8|0|0|"re3.pd3"|202
"CUSC-CABA.8082"|410|724|120|124|30|7|7|61|11|15|3|1|11|1|3|"re3.pd3"|1528
"CUSC-CABA.8385"|263|147|31|356|38|27|19|33|2|1|0|8|6|2|3|"re3.pd3"|936
"LALI-SANS.8082"|1067|521|111|568|118|14|12|469|205|23|23|34|99|3|10|"re3.pd3"|3277
"LALI-SANS.8385"|367|99|4|886|114|10|15|167|64|2|4|37|59|5|8|"re3.pd3"|1841
"LALI-SANS.8688"|153|48|7|205|111|7|5|84|18|1|1|16|25|1|2|"re3.pd3"|684
"LALI-SANS.8992"|105|47|5|267|37|9|4|190|7|3|4|21|14|3|2|"re3.pd3"|718
"LAPA-SANV.8082"|1131|447|159|134|17|3|5|77|22|3|6|5|7|1|1|"re3.pd3"|2018
"LAPA-SANV.8385"|83|47|2|150|14|4|0|26|6|0|0|3|4|1|1|"re3.pd3"|341
"LAPA-SANV.8688"|67|46|2|44|32|4|1|16|4|1|0|2|8|0|0|"re3.pd3"|227
"MORA-LAUN.8082"|520|209|88|123|346|3|11|68|9|10|15|2|5|0|0|"re3.pd3"|1409
"SANT-CHAL.8082"|694|1228|285|200|30|11|11|49|8|7|1|3|7|4|6|"re3.pd3"|2544
"SANT-CHAL.8385"|111|199|8|255|19|6|4|19|9|1|2|2|8|0|2|"re3.pd3"|645
"SANT-CHAL.8688"|56|88|12|98|29|4|5|21|1|1|1|0|2|0|3|"re3.pd3"|321
"SANT-CHAL.8992"|59|74|16|53|18|3|7|28|5|4|1|1|1|1|0|"re3.pd3"|271
"USUL-SANM.8082"|375|193|22|99|9|0|0|178|39|10|1|5|2|0|0|"re3.pd3"|933
"USUL-SANM.8385"|65|33|2|153|8|0|0|43|7|1|1|0|9|1|1|"re3.pd3"|324
"USUL-SANM.8688"|66|13|1|76|36|5|1|55|5|0|2|7|5|0|1|"re3.pd3"|273
"AHUA-SONS.8085"|160|206|26|174|20|1|7|54|5|1|0|1|13|1|1|"re3.pd4"|670
"CUSC-CABA.8085"|673|871|151|480|68|34|26|94|13|16|3|9|17|3|6|"re3.pd4"|2464
"CUSC-CABA.8692"|66|24|6|51|39|3|0|39|9|3|1|3|9|2|1|"re3.pd4"|256
"LALI-SANS.8085"|1434|620|115|1454|232|24|27|636|269|25|27|71|158|8|18|"re3.pd4"|5118
"LALI-SANS.8692"|258|95|12|472|148|16|9|274|25|4|5|37|39|4|4|"re3.pd4"|1402
"LAPA-SANV.8085"|1214|494|161|284|31|7|5|103|28|3|6|8|11|2|2|"re3.pd4"|2359
"LAPA-SANV.8692"|85|53|4|80|44|4|3|50|9|1|0|2|9|0|0|"re3.pd4"|344
"MORA-LAUN.8085"|596|250|102|155|349|5|11|82|13|10|16|2|7|0|0|"re3.pd4"|1598
"MORA-LAUN.8692"|85|5|1|81|26|3|3|16|10|0|0|0|9|0|0|"re3.pd4"|239
"SANT-CHAL.8085"|805|1427|293|455|49|17|15|68|17|8|3|5|15|4|8|"re3.pd4"|3189
"SANT-CHAL.8692"|115|162|28|151|47|7|12|49|6|5|2|1|3|1|3|"re3.pd4"|592
"USUL-SANM.8085"|440|226|24|252|17|0|0|221|46|11|2|5|11|1|1|"re3.pd4"|1257
"USUL-SANM.8692"|99|19|2|119|46|5|2|108|7|0|2|10|7|0|1|"re3.pd4"|427
