"stratum","x0001","x0010","x0011","x0100","x0101","x0110","x0111","x1000","x1001","x1010","x1011","x1100","x1101","x1110","x1111","stratum.type","nk","sname","dgalog.025","dgalog.250","dgalog.nhat","dgalog.750","dgalog.975","sat.renormlog","diptestlog","diptest.pvallog","topgraphlog"
"1980",1656,1671,407,116,38,14,17,315,60,36,10,4,7,1,3,"year",4355,"year-1980",10975,14157,15551,16794,20787,NA,0.0313617417193897,8.05361866085264e-09,39
"1981",1552,1086,232,230,401,8,19,328,98,15,18,10,43,2,2,"year",4044,"year-1981",11070,12082,16903,20494,30150,NA,0.0452344953384678,0,32
"1982",1132,740,170,971,123,16,12,293,137,18,21,36,86,7,16,"year",3778,"year-1982",10971,25744,33552,39512,53443,NA,0.00811450900441726,0.971362104323656,57
"1983",568,315,34,997,131,13,35,102,45,2,3,18,52,1,9,"year",2325,"year-1983",6022,8249,9846,12081,19644,NA,0.00628147333699836,0.996044012588783,56
"1984",288,206,14,509,50,24,2,121,44,3,4,25,32,7,4,"year",1333,"year-1984",4020,4464,4711,5062,6047,NA,0.00818965517241379,0.967419310389416,19
"1985",126,76,15,431,23,13,6,99,7,0,1,8,12,1,2,"year",820,"year-1985",2306,2894,3318,3798,5220,NA,0.00700803212851406,0.992720756923249,52
"1986",148,91,9,207,75,10,0,57,16,1,2,8,14,1,0,"year",639,"year-1986",1664,2075,2292,2515,3109,NA,0.007,0.992757495611023,13
"1987",136,62,8,146,87,10,8,60,7,1,1,10,20,0,4,"year",560,"year-1987",1148,1318,1443,1596,1990,NA,0.0087,0.934521189122748,16
"1988",174,69,8,179,107,6,7,84,14,2,1,9,18,1,3,"year",682,"year-1988",1527,1787,1988,2224,2769,NA,0.0081259842519685,0.970760017249289,13
"1989",122,77,13,311,55,8,14,131,16,5,2,17,22,4,5,"year",802,"year-1989",2183,2522,2755,3017,3593,NA,0.00713157894736842,0.992155657896837,42
"1990",90,46,14,141,40,5,2,124,7,1,2,11,8,1,1,"year",493,"year-1990",1342,1583,1741,1907,2406,NA,0.00891803278688525,0.915598155846151,8
"1980s0",82,115,3,0,0,0,0,0,0,0,0,0,0,0,0,"yr.sm",200,"yr.sm-1980s0",280,394,491,642,1591,NA,0.00641447368421052,0.995435673439148,12
"1980s1",696,699,204,59,22,5,12,137,28,18,6,2,1,0,2,"yr.sm",1891,"yr.sm-1980s1",4491,5783,6222,6800,8375,NA,0.00637640449438202,0.995609800642971,8
"1980s2",878,857,200,57,16,9,5,178,32,18,4,2,6,1,1,"yr.sm",2264,"yr.sm-1980s2",5546,5905,6131,6392,8143,NA,0.00932222222222222,0.871640019888324,22
"1981s1",730,524,97,59,21,3,6,144,42,10,5,1,9,1,2,"yr.sm",1654,"yr.sm-1981s1",5052,5596,5948,6504,9870,NA,0.00688888888888889,0.993265714125224,30
"1981s2",764,484,134,171,380,5,13,184,56,5,13,9,34,1,0,"yr.sm",2253,"yr.sm-1981s2",4401,4630,4777,4952,8544,NA,0.00635555555555555,0.995705162993389,29
"1982s1",500,380,109,296,52,10,2,169,83,13,16,18,42,1,8,"yr.sm",1699,"yr.sm-1982s1",3492,7115,8187,9247,11556,NA,0.0145479786761439,0.172228754651623,52
"1982s2",594,301,59,675,71,6,10,124,54,5,5,18,44,6,8,"yr.sm",1980,"yr.sm-1982s2",5095,11916,14547,18231,28885,NA,0.00831017119838872,0.961096035778601,52
"1983s1",332,138,28,664,58,11,26,59,29,2,3,13,39,1,9,"yr.sm",1412,"yr.sm-1983s1",2743,3604,4313,5226,8102,NA,0.00976750448833035,0.815381224249362,56
"1983s2",225,127,6,333,73,2,9,43,16,0,0,5,13,0,0,"yr.sm",852,"yr.sm-1983s2",2063,2836,3465,4461,6749,NA,0.00814204545454545,0.96991731277366,55
"1984s1",161,84,6,248,31,6,0,43,14,2,1,17,18,4,3,"yr.sm",638,"yr.sm-1984s1",1754,2033,2226,2461,3163,NA,0.00662686567164179,0.994464199576623,19
"1984s2",113,99,8,261,19,18,2,78,30,1,3,8,14,3,1,"yr.sm",658,"yr.sm-1984s2",1689,1870,2002,2134,2459,NA,0.00897317073170731,0.910812741782622,4
"1985s1",67,25,11,271,6,8,4,52,4,0,1,4,7,0,0,"yr.sm",460,"yr.sm-1985s1",956,1296,1633,1941,2695,NA,0.00879972375690608,0.925866179032939,52
"1985s2",54,42,4,160,17,5,2,47,3,0,0,4,5,1,2,"yr.sm",346,"yr.sm-1985s2",750,923,1056,1268,1880,NA,0.00596511627906977,0.99749101921422,1
"1986s1",56,53,3,121,35,6,0,44,9,0,1,4,6,1,0,"yr.sm",339,"yr.sm-1986s1",929,1186,1346,1548,1976,NA,0.00931142857142858,0.873003734189155,13
"1986s2",90,31,6,86,40,4,0,13,7,1,1,4,8,0,0,"yr.sm",291,"yr.sm-1986s2",434,483,526,653,999,NA,0.0105,0.704820080444651,5
"1987s1",74,26,5,77,45,4,7,26,2,0,1,5,6,0,2,"yr.sm",280,"yr.sm-1987s1",503,578,633,704,961,NA,0.00885714285714286,0.920882783828874,3
"1987s2",60,27,3,69,42,6,1,34,5,1,0,5,14,0,2,"yr.sm",269,"yr.sm-1987s2",505,611,691,789,1040,NA,0.00738461538461538,0.99099827767725,13
"1988s1",96,29,6,112,64,3,1,49,8,2,0,4,5,0,2,"yr.sm",381,"yr.sm-1988s1",818,975,1070,1176,1466,NA,0.00712244897959184,0.99219741806476,3
"1988s2",76,33,2,67,43,3,6,35,6,0,1,5,13,1,1,"yr.sm",292,"yr.sm-1988s2",544,647,719,830,1118,NA,0.00791791044776119,0.980921236171272,13
"1989s1",46,37,4,105,33,3,10,76,10,2,1,7,10,2,1,"yr.sm",347,"yr.sm-1989s1",748,923,1077,1260,1679,NA,0.00893714285714286,0.913939595679265,42
"1989s2",76,38,9,206,22,5,4,55,6,3,1,10,12,2,4,"yr.sm",453,"yr.sm-1989s2",930,1159,1340,1554,2088,NA,0.00924691358024691,0.881154823915368,52
"1990s1",39,27,3,75,21,2,1,74,6,1,0,7,4,0,1,"yr.sm",261,"yr.sm-1990s1",625,747,840,934,1240,NA,0.00865853658536585,0.938119792736874,3
"1990s2",51,18,11,66,19,3,1,50,1,0,2,4,4,1,0,"yr.sm",231,"yr.sm-1990s2",477,618,724,841,1130,NA,0.00807142857142857,0.973622462694558,8
"AHUACHAPAN",65,113,0,158,13,0,2,47,3,0,0,2,5,0,4,"dept",412,"dept-AHUACHAPAN",710,1320,1775,2267,3725,NA,0.00526712328767123,1,55
"CABANAS",205,381,55,109,21,12,0,38,4,11,1,0,2,1,0,"dept",840,"dept-CABANAS",1864,2082,2198,2330,2633,NA,0.00641025641025641,0.995454963109474,5
"CHALATENANGO",624,1447,286,176,46,21,16,53,12,6,4,3,6,2,0,"dept",2702,"dept-CHALATENANGO",5496,10948,12459,13869,16974,NA,0.0448636466591166,0,52
"CUSCATLAN",534,514,102,422,86,25,26,95,18,8,3,12,24,4,7,"dept",1880,"dept-CUSCATLAN",6880,7946,8701,9517,11274,NA,0.00738038942976356,0.991017607053713,52
"LA LIBERTAD",331,224,43,234,67,9,7,136,29,0,4,26,32,3,2,"dept",1147,"dept-LA LIBERTAD",4643,5916,6810,7887,10366,NA,0.00950127551020408,0.849017689955675,52
"LA PAZ",252,195,12,143,37,6,4,61,12,2,1,4,10,2,1,"dept",742,"dept-LA PAZ",2845,3493,3844,4314,5384,NA,0.00717045454545454,0.991977842208555,30
"MORAZAN",654,232,102,208,370,8,14,87,21,7,16,2,13,0,0,"dept",1734,"dept-MORAZAN",2987,3161,3287,3408,4957,NA,0.00885294117647059,0.921247447072026,28
"SAN MIGUEL",118,70,8,195,39,2,1,118,10,4,0,6,9,1,0,"dept",581,"dept-SAN MIGUEL",1713,2065,2326,2675,3750,NA,0.00734496124031008,0.991179654409957,3
"SAN SALVADOR",1361,491,84,1692,313,31,29,774,265,29,28,82,165,9,20,"dept",5373,"dept-SAN SALVADOR",19632,23851,27107,30915,37988,NA,0.00999952262745847,0.782814386586327,57
"SAN VICENTE",1047,352,153,221,38,5,4,92,25,2,5,6,10,0,1,"dept",1961,"dept-SAN VICENTE",7205,8868,9961,11834,18832,NA,0.00752439024390244,0.990358952135464,36
"SANTA ANA",296,142,35,430,50,3,11,64,11,7,1,3,12,3,11,"dept",1079,"dept-SANTA ANA",1729,2652,6967,9545,15530,NA,0.0520129743303571,0,57
"SONSONATE",122,102,28,46,21,2,7,41,4,1,0,1,14,1,1,"dept",391,"dept-SONSONATE",793,987,1337,1823,2870,NA,0.0111271929824561,0.60084472547778,52
"USULUTAN",421,175,18,176,24,3,1,211,43,7,4,9,9,0,2,"dept",1103,"dept-USULUTAN",3591,4193,4577,5059,6462,NA,0.00748203592814371,0.990552679362289,4
"CABANAS.1980",74,178,33,4,1,0,0,9,0,10,1,0,0,0,0,"dp.yr",310,"dp.yr-CABANAS.1980",553,647,702,771,977,NA,0.00675,0.993900987267975,5
"CHALATENANGO.1980",273,567,152,9,4,8,9,6,3,3,0,0,1,0,0,"dp.yr",1035,"dp.yr-CHALATENANGO.1980",1776,1945,2021,2100,2268,NA,0.0084047619047619,0.956133019389784,3
"CHALATENANGO.1981",119,292,48,3,3,0,0,5,0,0,0,0,2,0,0,"dp.yr",472,"dp.yr-CHALATENANGO.1981",997,1138,1223,1318,1630,NA,0.0087962962962963,0.926163647831552,28
"CHALATENANGO.1982",98,265,53,16,9,1,0,2,0,0,1,2,0,1,0,"dp.yr",448,"dp.yr-CHALATENANGO.1982",727,863,918,978,1134,NA,0.00713636363636364,0.992133772889049,21
"CUSCATLAN.1980",127,224,32,39,8,1,1,21,4,4,0,0,3,0,0,"dp.yr",464,"dp.yr-CUSCATLAN.1980",970,1166,1269,1386,1692,NA,0.0101194690265487,0.764121960745524,5
"CUSCATLAN.1981",96,125,29,17,10,1,3,14,5,1,0,0,3,1,2,"dp.yr",307,"dp.yr-CUSCATLAN.1981",615,706,765,833,1022,NA,0.00933333333333333,0.870236196343351,16
"CUSCATLAN.1983",174,62,18,81,15,4,18,7,1,0,0,0,3,0,0,"dp.yr",383,"dp.yr-CUSCATLAN.1983",609,811,977,1218,2017,NA,0.00809999999999999,0.972123367554149,41
"CUSCATLAN.1984",33,29,1,123,17,8,0,7,1,1,0,8,2,2,3,"dp.yr",235,"dp.yr-CUSCATLAN.1984",417,491,544,613,845,NA,0.0066,0.994587082262146,22
"LA LIBERTAD.1980",135,97,31,6,8,1,0,13,4,0,0,0,1,0,0,"dp.yr",296,"dp.yr-LA LIBERTAD.1980",558,662,719,789,956,NA,0.00794897959183674,0.980025899896177,15
"LA LIBERTAD.1982",36,31,2,64,18,2,3,29,9,0,3,3,10,1,1,"dp.yr",212,"dp.yr-LA LIBERTAD.1982",448,563,638,727,1004,NA,0.0103604651162791,0.726565172301866,13
"LA PAZ.1980",79,90,9,10,0,0,2,16,0,1,1,0,0,1,0,"dp.yr",209,"dp.yr-LA PAZ.1980",544,682,774,897,1168,NA,0.00607446808510638,0.996990847702718,1
"MORAZAN.1980",175,72,26,2,1,0,0,26,0,3,1,1,1,0,0,"dp.yr",308,"dp.yr-MORAZAN.1980",625,724,802,899,1220,NA,0.00813235294117647,0.970425862762803,19
"MORAZAN.1981",253,72,49,109,344,2,10,30,1,1,7,1,3,0,0,"dp.yr",882,"dp.yr-MORAZAN.1981",1825,2848,3454,4172,6188,NA,0.00599616858237548,0.997348987015184,51
"SAN SALVADOR.1980",284,138,23,20,8,4,1,138,26,7,6,0,1,0,2,"dp.yr",658,"dp.yr-SAN SALVADOR.1980",1692,1894,2029,2163,2469,NA,0.00775609756097561,0.985584285367758,1
"SAN SALVADOR.1981",369,127,40,28,24,1,3,126,56,5,5,5,18,0,0,"dp.yr",807,"dp.yr-SAN SALVADOR.1981",1594,1748,1846,1985,3173,NA,0.00708823529411765,0.992353910320334,27
"SAN SALVADOR.1982",180,75,9,443,52,4,3,137,104,11,8,24,60,2,7,"dp.yr",1119,"dp.yr-SAN SALVADOR.1982",2957,3454,3762,4122,4823,NA,0.00751898734177215,0.990383664829502,31
"SAN SALVADOR.1983",173,43,1,587,67,4,10,45,28,1,3,14,26,1,6,"dp.yr",1009,"dp.yr-SAN SALVADOR.1983",1956,2409,2705,3042,4024,NA,0.00804844290657439,0.974828482141427,54
"SAN SALVADOR.1984",97,17,1,112,22,3,2,54,23,1,1,9,16,2,0,"dp.yr",360,"dp.yr-SAN SALVADOR.1984",652,738,791,850,1080,NA,0.00783333333333333,0.983358540475697,4
"SAN SALVADOR.1985",40,15,0,117,12,1,1,43,5,0,0,6,8,0,2,"dp.yr",250,"dp.yr-SAN SALVADOR.1985",543,722,869,1036,1556,NA,0.009,0.908484233561716,13
"SAN SALVADOR.1988",49,16,1,73,46,2,0,34,4,1,0,4,9,1,0,"dp.yr",240,"dp.yr-SAN SALVADOR.1988",471,559,623,712,974,NA,0.00647297297297297,0.995168099644598,3
"SAN SALVADOR.1989",55,18,2,159,22,8,2,45,1,2,2,9,9,2,1,"dp.yr",337,"dp.yr-SAN SALVADOR.1989",589,645,686,731,845,NA,0.0112173913043478,0.586083273946767,1
"SAN VICENTE.1980",217,104,52,22,5,0,2,16,5,1,1,0,0,0,1,"dp.yr",426,"dp.yr-SAN VICENTE.1980",801,905,983,1198,1685,NA,0.00740625,0.990899321668475,1
"SAN VICENTE.1981",282,79,27,15,1,0,0,13,7,0,4,1,1,0,0,"dp.yr",430,"dp.yr-SAN VICENTE.1981",922,1073,1177,1300,1719,NA,0.00633928571428572,0.995779580704397,5
"SAN VICENTE.1982",441,120,70,51,7,2,1,19,4,1,0,3,1,0,0,"dp.yr",720,"dp.yr-SAN VICENTE.1982",1518,2518,2938,3352,4463,NA,0.00862235649546828,0.941259857379731,12
"SANTA ANA.1980",116,54,23,0,0,0,1,10,0,1,0,0,0,0,0,"dp.yr",205,"dp.yr-SANTA ANA.1980",373,443,493,544,723,NA,0.00743939393939394,0.990747722395773,32
"SANTA ANA.1982",27,24,3,170,10,1,1,17,5,0,0,0,4,2,6,"dp.yr",270,"dp.yr-SANTA ANA.1982",404,525,605,713,986,NA,0.00595833333333333,0.997522044181657,60
"SANTA ANA.1983",33,8,0,134,13,0,0,4,5,0,0,0,3,0,2,"dp.yr",202,"dp.yr-SANTA ANA.1983",398,501,574,663,1201,NA,0.00843055555555556,0.954779669610247,43
"USULUTAN.1981",100,74,9,1,1,0,0,43,15,4,1,0,2,0,0,"dp.yr",250,"dp.yr-USULUTAN.1981",472,667,775,927,1269,NA,0.0053125,1,16
"USULUTAN.1982",159,43,3,35,4,0,0,38,6,1,0,2,0,0,0,"dp.yr",291,"dp.yr-USULUTAN.1982",937,1223,1415,1628,2169,NA,0.00725949367088608,0.991570580220262,1
"AHUACHAPAN.8083",46,99,0,66,4,0,0,22,1,0,0,0,0,0,0,"dp.pd",238,"dp.pd-AHUACHAPAN.8083",568,749,918,1146,1819,NA,0.008125,0.970811659306291,47
"CABANAS.8083",162,322,46,30,3,1,0,21,1,10,1,0,1,0,0,"dp.pd",598,"dp.pd-CABANAS.8083",1397,1555,1683,1808,2079,NA,0.00814102564102564,0.969970820685869,5
"CABANAS.8492",43,59,9,79,18,11,0,17,3,1,0,0,1,1,0,"dp.pd",242,"dp.pd-CABANAS.8492",465,543,586,641,812,NA,0.00743478260869565,0.990768814468497,1
"CHALATENANGO.8083",518,1199,255,32,17,10,10,17,4,3,1,2,4,1,0,"dp.pd",2073,"dp.pd-CHALATENANGO.8083",4229,4457,4597,4750,6420,NA,0.00698333333333333,0.992833728388153,16
"CHALATENANGO.8492",106,248,31,144,29,11,6,36,8,3,3,1,2,1,0,"dp.pd",629,"dp.pd-CHALATENANGO.8492",1321,2412,2917,3399,4684,NA,0.0148298342541436,0.153145922376235,42
"CUSCATLAN.8083",441,472,93,179,44,10,25,49,11,5,2,1,13,1,3,"dp.pd",1349,"dp.pd-CUSCATLAN.8083",3510,5217,6340,7404,9857,NA,0.00669064748201439,0.994172463704518,52
"CUSCATLAN.8492",93,42,9,243,42,15,1,46,7,3,1,11,11,3,4,"dp.pd",531,"dp.pd-CUSCATLAN.8492",917,1004,1055,1120,1269,NA,0.00760294117647059,0.989997875471056,4
"LA LIBERTAD.8083",261,198,40,118,41,7,6,71,22,0,4,9,26,1,1,"dp.pd",805,"dp.pd-LA LIBERTAD.8083",2094,2663,3792,4619,6760,NA,0.0245919621749409,0.000266169482659451,52
"LA LIBERTAD.8492",70,26,3,116,26,2,1,65,7,0,0,17,6,2,1,"dp.pd",342,"dp.pd-LA LIBERTAD.8492",641,720,774,857,1156,NA,0.00825,0.964253118067,1
"LA PAZ.8083",204,151,10,77,16,1,2,30,8,1,1,1,5,1,0,"dp.pd",508,"dp.pd-LA PAZ.8083",1231,2349,2801,3228,4322,NA,0.00761416184971098,0.989674523280899,13
"LA PAZ.8492",48,44,2,66,21,5,2,31,4,1,0,3,5,1,1,"dp.pd",234,"dp.pd-LA PAZ.8492",505,628,698,802,1088,NA,0.00933333333333333,0.870236196343351,3
"MORAZAN.8083",532,216,96,125,347,4,11,63,7,7,15,2,5,0,0,"dp.pd",1430,"dp.pd-MORAZAN.8083",2653,4077,4962,5751,7533,NA,0.00866796875,0.937301176565462,51
"MORAZAN.8492",122,16,6,83,23,4,3,24,14,0,1,0,8,0,0,"dp.pd",304,"dp.pd-MORAZAN.8492",530,627,680,741,952,NA,0.0091,0.899716490787797,4
"SAN MIGUEL.8083",67,62,7,92,6,0,0,76,6,4,0,1,3,0,0,"dp.pd",324,"dp.pd-SAN MIGUEL.8083",880,1068,1193,1340,1659,NA,0.00811650485436893,0.971257385409932,5
"SAN MIGUEL.8492",51,8,1,103,33,2,1,42,4,0,0,5,6,1,0,"dp.pd",257,"dp.pd-SAN MIGUEL.8492",498,613,692,779,998,NA,0.00782352941176471,0.983641065369116,3
"SAN SALVADOR.8083",1006,383,73,1078,151,13,17,446,214,24,22,43,105,3,15,"dp.pd",3593,"dp.pd-SAN SALVADOR.8083",8263,9830,10896,12226,32624,NA,0.0100358514724712,0.77715290573794,56
"SAN SALVADOR.8492",355,108,11,614,162,18,12,328,51,5,6,39,60,6,5,"dp.pd",1780,"dp.pd-SAN SALVADOR.8492",3934,4449,4873,5399,6719,NA,0.00647474747474747,0.9951599831327,30
"SAN VICENTE.8083",970,321,149,119,14,2,3,53,17,2,5,4,4,0,1,"dp.pd",1664,"dp.pd-SAN VICENTE.8083",6574,8189,9316,10477,13523,NA,0.0100359424920128,0.777138721268509,36
"SAN VICENTE.8492",77,31,4,102,24,3,1,39,8,0,0,2,6,0,0,"dp.pd",297,"dp.pd-SAN VICENTE.8492",607,736,926,1174,1765,NA,0.00910509554140127,0.899072699098383,31
"SANTA ANA.8083",237,112,32,306,27,2,2,40,10,4,0,1,7,3,8,"dp.pd",791,"dp.pd-SANTA ANA.8083",1394,1550,1660,1780,2110,NA,0.00764285714285715,0.988847595547847,60
"SANTA ANA.8492",59,30,3,124,23,1,9,24,1,3,1,2,5,0,3,"dp.pd",288,"dp.pd-SANTA ANA.8492",472,645,762,908,1421,NA,0.007390625,0.990970789897035,51
"SONSONATE.8083",109,98,25,25,16,1,7,21,3,1,0,0,10,1,1,"dp.pd",318,"dp.pd-SONSONATE.8083",655,770,849,971,1641,NA,0.00601666666666667,0.997255229461702,16
"USULUTAN.8083",332,156,16,59,7,0,0,121,34,7,1,4,3,0,1,"dp.pd",741,"dp.pd-USULUTAN.8083",2077,2937,3315,3722,4603,NA,0.00689162561576355,0.99325319642783,4
"USULUTAN.8492",89,19,2,117,17,3,1,90,9,0,3,5,6,0,1,"dp.pd",362,"dp.pd-USULUTAN.8492",800,929,1037,1203,2107,NA,0.00810434782608696,0.971895244380608,1
"8081",3208,2757,639,346,439,22,36,643,158,51,28,14,50,3,5,"period2",8399,"period2-8081",21039,22064,36933,42208,49375,NA,0.108574415927694,0,56
"8283",1700,1055,204,1968,254,29,47,395,182,20,24,54,138,8,25,"period2",6103,"period2-8283",19435,24350,29732,64349,84090,NA,0.0656051571752003,0,56
"8485",414,282,29,940,73,37,8,220,51,3,5,33,44,8,6,"period2",2153,"period2-8485",5583,7427,8435,9297,10945,NA,0.00692413793103448,0.993104486182788,52
"8687",284,153,17,353,162,20,8,117,23,2,3,18,34,1,4,"period2",1199,"period2-8687",3178,3547,3755,4001,4644,NA,0.00608333333333334,0.996950298353181,13
"8889",296,146,21,490,162,14,21,215,30,7,3,26,40,5,8,"period2",1484,"period2-8889",4184,4793,5194,5612,6797,NA,0.00940425531914893,0.86127562052437,42
"9092",155,68,17,141,40,5,2,238,15,4,4,11,8,1,1,"period2",710,"period2-9092",2232,2602,2823,3087,3653,NA,0.00626106194690265,0.996137373605908,8
"8081.CABANAS",123,290,45,12,1,0,0,15,1,10,1,0,0,0,0,"pd2.dp",498,"pd2.dp-8081.CABANAS",1051,1178,1262,1357,1579,NA,0.00925,0.880764872930653,5
"8081.CHALATENANGO",392,859,200,12,7,8,9,11,3,3,0,0,3,0,0,"pd2.dp",1507,"pd2.dp-8081.CHALATENANGO",2908,3078,3171,3289,3556,NA,0.00940816326530612,0.860781874509855,16
"8081.CUSCATLAN",223,349,61,56,18,2,4,35,9,5,0,0,6,1,2,"pd2.dp",771,"pd2.dp-8081.CUSCATLAN",1875,2171,2409,3004,5159,NA,0.00803076923076923,0.975755790394371,52
"8081.LA LIBERTAD",198,150,37,13,16,3,2,39,10,0,1,2,10,0,0,"pd2.dp",481,"pd2.dp-8081.LA LIBERTAD",1061,1186,1269,1356,1595,NA,0.0130561224489796,0.314710209961219,27
"8081.LA PAZ",187,128,10,15,2,1,2,25,6,1,1,0,0,1,0,"pd2.dp",379,"pd2.dp-8081.LA PAZ",904,1252,1476,1740,2286,NA,0.00803448275862068,0.975560947789915,1
"8081.MORAZAN",428,144,75,111,345,2,10,56,1,4,8,2,4,0,0,"pd2.dp",1190,"pd2.dp-8081.MORAZAN",2455,4535,5583,6744,10260,NA,0.0106434977578475,0.681280557970082,51
"8081.SAN SALVADOR",653,265,63,48,32,5,4,264,82,12,11,5,19,0,2,"pd2.dp",1465,"pd2.dp-8081.SAN SALVADOR",3682,4145,4468,4858,7673,NA,0.007125,0.992185749782547,30
"8081.SAN VICENTE",499,183,79,37,6,0,2,29,12,1,5,1,1,0,1,"pd2.dp",856,"pd2.dp-8081.SAN VICENTE",1799,1994,2134,2438,4363,NA,0.0087,0.934521189122747,1
"8081.SANTA ANA",177,80,29,2,4,1,1,19,0,4,0,1,0,1,0,"pd2.dp",319,"pd2.dp-8081.SANTA ANA",524,663,723,792,954,NA,0.00686111111111111,0.993392768753774,19
"8081.SONSONATE",72,82,23,6,6,0,2,12,0,1,0,0,4,0,0,"pd2.dp",208,"pd2.dp-8081.SONSONATE",390,464,521,586,989,NA,0.0122692307692308,0.420540897244385,30
"8081.USULUTAN",161,101,12,1,2,0,0,70,27,5,1,2,2,0,0,"pd2.dp",384,"pd2.dp-8081.USULUTAN",675,837,1089,1496,2108,NA,0.0142037470725995,0.195534711556732,19
"8283.CHALATENANGO",126,340,55,20,10,2,1,6,1,0,1,2,1,1,0,"pd2.dp",566,"pd2.dp-8283.CHALATENANGO",1109,1278,1381,1491,1865,NA,0.00936301369863013,0.866486256736914,28
"8283.CUSCATLAN",218,123,32,123,26,8,21,14,2,0,2,1,7,0,1,"pd2.dp",578,"pd2.dp-8283.CUSCATLAN",1004,1452,1850,2362,4106,NA,0.00713888888888889,0.992122222468272,56
"8283.LA LIBERTAD",63,48,3,105,25,4,4,32,12,0,3,7,16,1,1,"pd2.dp",324,"pd2.dp-8283.LA LIBERTAD",714,851,937,1037,1300,NA,0.00833823529411764,0.959623559545149,13
"8283.MORAZAN",104,72,21,14,2,2,1,7,6,3,7,0,1,0,0,"pd2.dp",240,"pd2.dp-8283.MORAZAN",456,538,593,653,811,NA,0.00847058823529412,0.95267922176237,18
"8283.SAN SALVADOR",353,118,10,1030,119,8,13,182,132,12,11,38,86,3,13,"pd2.dp",2128,"pd2.dp-8283.SAN SALVADOR",3465,4160,5330,7333,16539,NA,0.0147600229095074,0.157872450018748,56
"8283.SAN VICENTE",471,138,70,82,8,2,1,24,5,1,0,3,3,0,0,"pd2.dp",808,"pd2.dp-8283.SAN VICENTE",1861,3374,3843,4357,5865,NA,0.00958406113537118,0.838558213074131,12
"8283.SANTA ANA",60,32,3,304,23,1,1,21,10,0,0,0,7,2,8,"pd2.dp",472,"pd2.dp-8283.SANTA ANA",778,999,1168,1386,2029,NA,0.00742857142857143,0.990797224199105,60
"8283.USULUTAN",171,55,4,58,5,0,0,51,7,2,0,2,1,0,1,"pd2.dp",357,"pd2.dp-8283.USULUTAN",1225,1494,1665,1901,2411,NA,0.0100196078431373,0.779684310090326,1
"8485.CHALATENANGO",36,104,6,58,5,5,2,10,3,1,2,1,2,0,0,"pd2.dp",235,"pd2.dp-8485.CHALATENANGO",524,658,753,860,1138,NA,0.00728125,0.991471067496951,4
"8485.CUSCATLAN",51,32,5,212,21,13,1,14,1,1,0,8,3,2,3,"pd2.dp",367,"pd2.dp-8485.CUSCATLAN",647,730,779,834,989,NA,0.0142777777777778,0.190522515097215,1
"8485.SAN SALVADOR",137,32,1,229,34,4,3,97,28,1,1,15,24,2,2,"pd2.dp",610,"pd2.dp-8485.SAN SALVADOR",1295,1566,1793,2029,2772,NA,0.00924395161290322,0.881529051070054,13
"8687.SAN SALVADOR",82,22,6,102,49,3,5,38,12,0,1,8,13,0,1,"pd2.dp",342,"pd2.dp-8687.SAN SALVADOR",541,649,744,871,1212,NA,0.0116,0.523527512180067,13
"8889.SAN SALVADOR",104,34,3,232,68,10,2,79,5,3,2,13,18,3,1,"pd2.dp",577,"pd2.dp-8889.SAN SALVADOR",1128,1295,1396,1516,1853,NA,0.00676543209876543,0.993830401363225,3
"9092.SAN SALVADOR",32,20,1,51,11,1,2,114,6,1,2,3,5,1,1,"pd2.dp",251,"pd2.dp-9092.SAN SALVADOR",618,755,861,1011,1551,NA,0.00719387755102041,0.991870706162774,8
"8385",982,597,63,1937,204,50,43,322,96,5,8,51,96,9,15,"period3",4478,"period3-8385",17144,22842,27059,32414,46456,NA,0.0104252246469833,0.716473058371344,56
"8688",458,222,25,532,269,26,15,201,37,4,4,27,52,2,7,"period3",1881,"period3-8688",5141,5687,6007,6433,7571,NA,0.008044921875,0.975013224787711,30
"8992",277,145,30,452,95,13,16,369,31,9,6,28,30,5,6,"period3",1512,"period3-8992",4532,5558,6042,6578,7863,NA,0.00888125,0.918790528471291,42
"8082.AHUACHAPAN",43,85,0,55,4,0,0,20,1,0,0,0,0,0,0,"pd3.dp",208,"pd3.dp-8082.AHUACHAPAN",462,635,761,943,1551,NA,0.00696666666666667,0.992909961165283,47
"8082.CABANAS",143,314,45,26,1,1,0,19,1,10,1,0,1,0,0,"pd3.dp",562,"pd3.dp-8082.CABANAS",1239,1415,1524,1650,1937,NA,0.00798387096774194,0.978216463931296,5
"8082.CHALATENANGO",490,1124,253,28,16,9,9,13,3,3,1,2,3,1,0,"pd3.dp",1955,"pd3.dp-8082.CHALATENANGO",3877,4101,4229,4388,5481,NA,0.00842241379310345,0.955206854288669,16
"8082.CUSCATLAN",267,410,75,98,29,6,7,42,10,5,2,1,10,1,3,"pd3.dp",966,"pd3.dp-8082.CUSCATLAN",2457,3924,4601,5403,7453,NA,0.011072,0.610023012270221,52
"8082.LA LIBERTAD",234,181,39,77,34,5,5,68,19,0,4,5,20,1,1,"pd3.dp",693,"pd3.dp-8082.LA LIBERTAD",1748,2197,3049,3912,5661,NA,0.0200504807692308,0.00787471599225775,52
"8082.LA PAZ",191,144,10,46,4,1,2,29,6,1,1,1,5,1,0,"pd3.dp",442,"pd3.dp-8082.LA PAZ",1550,1967,2284,2609,3452,NA,0.00810617059891107,0.971799606534714,19
"8082.MORAZAN",505,188,87,117,346,3,11,61,7,7,15,2,4,0,0,"pd3.dp",1353,"pd3.dp-8082.MORAZAN",2615,4084,4858,5766,7921,NA,0.00513763440860215,1,51
"8082.SAN MIGUEL",55,49,7,63,3,0,0,70,6,4,0,1,0,0,0,"pd3.dp",258,"pd3.dp-8082.SAN MIGUEL",677,835,954,1076,1473,NA,0.00875568181818182,0.929688572370889,21
"8082.SAN SALVADOR",833,340,72,491,84,9,7,401,186,23,19,29,79,2,9,"pd3.dp",2584,"pd3.dp-8082.SAN SALVADOR",7179,9952,11057,12170,14803,NA,0.00824221453287198,0.964661608524811,52
"8082.SAN VICENTE",940,303,149,88,13,2,3,48,16,2,5,4,2,0,1,"pd3.dp",1576,"pd3.dp-8082.SAN VICENTE",4428,5873,6799,8037,10644,NA,0.0098689776733255,0.802560684084192,36
"8082.SANTA ANA",204,104,32,172,14,2,2,36,5,4,0,1,4,3,6,"pd3.dp",589,"pd3.dp-8082.SANTA ANA",1052,1189,1278,1394,2057,NA,0.00799056603773584,0.977865184790056,60
"8082.SONSONATE",100,90,24,14,8,0,2,14,0,1,0,0,5,1,1,"pd3.dp",260,"pd3.dp-8082.SONSONATE",547,634,704,782,1235,NA,0.0103709677419355,0.724928444957777,30
"8082.USULUTAN",320,144,15,36,6,0,0,108,33,6,1,4,2,0,0,"pd3.dp",675,"pd3.dp-8082.USULUTAN",1593,1885,2231,2829,3888,NA,0.006359375,0.995687692981963,10
"8385.CHALATENANGO",64,179,8,62,6,6,3,14,4,1,2,1,3,0,0,"pd3.dp",353,"pd3.dp-8385.CHALATENANGO",1001,1267,1432,1623,2073,NA,0.0105744680851064,0.692759809596142,13
"8385.CUSCATLAN",225,94,23,293,36,17,19,21,2,1,0,8,6,2,3,"pd3.dp",750,"pd3.dp-8385.CUSCATLAN",1377,1898,2192,2652,3993,NA,0.00757272727272727,0.990137860178732,50
"8385.LA LIBERTAD",57,24,2,70,13,2,2,25,8,0,0,8,9,2,0,"pd3.dp",222,"pd3.dp-8385.LA LIBERTAD",385,446,503,571,737,NA,0.0105923076923077,0.689793181886029,19
"8385.SAN SALVADOR",310,75,2,816,101,8,13,142,56,2,4,29,50,3,8,"pd3.dp",1619,"pd3.dp-8385.SAN SALVADOR",3203,4202,5041,6114,9787,NA,0.00668129330254042,0.994215249409262,56
"8385.SAN VICENTE",65,29,1,101,2,2,0,16,4,0,0,1,3,0,0,"pd3.dp",224,"pd3.dp-8385.SAN VICENTE",738,1043,1231,1464,2174,NA,0.0103201438848921,0.73284882594406,4
"8385.SANTA ANA",47,20,0,193,13,0,1,5,5,0,0,1,5,0,2,"pd3.dp",292,"pd3.dp-8385.SANTA ANA",489,709,861,1064,1732,NA,0.00627906976744186,0.996055006435722,54
"8688.CHALATENANGO",35,77,11,65,15,3,1,18,0,1,0,0,0,0,0,"pd3.dp",226,"pd3.dp-8688.CHALATENANGO",372,450,510,634,1444,NA,0.00815217391304348,0.969385889471663,25
"8688.SAN SALVADOR",131,38,7,175,95,5,5,72,16,1,1,12,22,1,1,"pd3.dp",582,"pd3.dp-8688.SAN SALVADOR",1119,1340,1471,1621,1990,NA,0.0102424242424242,0.744960641423501,13
"8992.SAN SALVADOR",87,38,3,210,33,9,4,159,7,3,4,12,14,3,2,"pd3.dp",588,"pd3.dp-8992.SAN SALVADOR",1066,1346,1619,1922,2515,NA,0.00996335078534031,0.788451400131107,30
"1980",1656,1671,407,116,38,14,17,315,60,36,10,4,7,1,3,"period2.5",4355,"period2.5-1980",10974,13872,15460,16698,20666,NA,0.0323202814868279,0,39
"8182",2684,1826,402,1201,524,24,31,621,235,33,39,46,129,9,18,"period2.5",7822,"period2.5-8182",12985,29219,37039,41519,51457,NA,0.0277036989136058,1.85512080407291e-05,56
"8384",856,521,48,1506,181,37,37,223,89,5,7,43,84,8,13,"period2.5",3658,"period2.5-8384",12067,15745,18419,21554,31580,NA,0.00723790776152981,0.991669313449289,56
"8586",274,167,24,638,98,23,6,156,23,1,3,16,26,2,2,"period2.5",1459,"period2.5-8586",4492,5673,6296,6907,8427,NA,0.00610180995475113,0.996865786903421,42
"8788",310,131,16,325,194,16,15,144,21,3,2,19,38,1,7,"period2.5",1242,"period2.5-8788",2953,3326,3572,3909,4952,NA,0.00768541666666667,0.987621134805164,30
"8990",212,123,27,452,95,13,16,255,23,6,4,28,30,5,6,"period2.5",1295,"period2.5-8990",3771,4426,4818,5227,6187,NA,0.00553543307086614,0.999456375869074,42
"9192",65,22,3,0,0,0,0,114,8,3,2,0,0,0,0,"period2.5",217,"period2.5-9192",536,687,777,887,1183,NA,0.00738793103448275,0.990983112005407,1
"1980.CABANAS",74,178,33,4,1,0,0,9,0,10,1,0,0,0,0,"pd2.5.dp",310,"pd2.5.dp-1980.CABANAS",565,646,704,770,979,NA,0.0123648648648649,0.406075701273187,5
"1980.CHALATENANGO",273,567,152,9,4,8,9,6,3,3,0,0,1,0,0,"pd2.5.dp",1035,"pd2.5.dp-1980.CHALATENANGO",1756,1943,2015,2101,2275,NA,0.0095,0.849178843168746,3
"1980.CUSCATLAN",127,224,32,39,8,1,1,21,4,4,0,0,3,0,0,"pd2.5.dp",464,"pd2.5.dp-1980.CUSCATLAN",975,1159,1256,1377,1659,NA,0.00838888888888888,0.956965850023344,5
"1980.LA LIBERTAD",135,97,31,6,8,1,0,13,4,0,0,0,1,0,0,"pd2.5.dp",296,"pd2.5.dp-1980.LA LIBERTAD",554,653,712,781,955,NA,0.008,0.977370200545581,15
"1980.LA PAZ",79,90,9,10,0,0,2,16,0,1,1,0,0,1,0,"pd2.5.dp",209,"pd2.5.dp-1980.LA PAZ",557,684,777,882,1143,NA,0.00833333333333333,0.959880757240807,1
"1980.MORAZAN",175,72,26,2,1,0,0,26,0,3,1,1,1,0,0,"pd2.5.dp",308,"pd2.5.dp-1980.MORAZAN",635,738,816,902,1253,NA,0.0091125,0.898137189299701,19
"1980.SAN SALVADOR",284,138,23,20,8,4,1,138,26,7,6,0,1,0,2,"pd2.5.dp",658,"pd2.5.dp-1980.SAN SALVADOR",1673,1871,1993,2129,2510,NA,0.00586363636363636,0.997955184960806,1
"1980.SAN VICENTE",217,104,52,22,5,0,2,16,5,1,1,0,0,0,1,"pd2.5.dp",426,"pd2.5.dp-1980.SAN VICENTE",803,910,994,1152,1675,NA,0.0099375,0.792479981994051,1
"1980.SANTA ANA",116,54,23,0,0,0,1,10,0,1,0,0,0,0,0,"pd2.5.dp",205,"pd2.5.dp-1980.SANTA ANA",375,439,483,540,721,NA,0.00747058823529412,0.990605040727348,32
"8182.CABANAS",69,136,12,22,0,1,0,10,1,0,0,0,1,0,0,"pd2.5.dp",252,"pd2.5.dp-8182.CABANAS",701,892,1032,1204,1601,NA,0.00741891891891892,0.99084137445613,6
"8182.CHALATENANGO",217,557,101,19,12,1,0,7,0,0,1,2,2,1,0,"pd2.5.dp",920,"pd2.5.dp-8182.CHALATENANGO",1789,2028,2135,2264,3260,NA,0.00837878787878788,0.957495833153792,28
"8182.CUSCATLAN",140,186,43,59,21,5,6,21,6,1,2,1,7,1,3,"pd2.5.dp",502,"pd2.5.dp-8182.CUSCATLAN",1094,1394,1858,2292,3307,NA,0.0138408450704225,0.230633014365644,52
"8182.LA LIBERTAD",99,84,8,71,26,4,5,55,15,0,4,5,19,1,1,"pd2.5.dp",397,"pd2.5.dp-8182.LA LIBERTAD",1011,1185,1298,1470,2009,NA,0.00620588235294118,0.996389763227224,13
"8182.LA PAZ",112,54,1,36,4,1,0,13,6,0,0,1,5,0,0,"pd2.5.dp",233,"pd2.5.dp-8182.LA PAZ",566,881,1129,1442,2354,NA,0.00684782608695652,0.993453534010907,36
"8182.MORAZAN",330,116,61,115,345,3,11,35,7,4,14,1,3,0,0,"pd2.5.dp",1045,"pd2.5.dp-8182.MORAZAN",1507,1624,1736,2923,4719,NA,0.0191965539246969,0.0137578780922039,28
"8182.SAN SALVADOR",549,202,49,471,76,5,6,263,160,16,13,29,78,2,7,"pd2.5.dp",1926,"pd2.5.dp-8182.SAN SALVADOR",4053,5073,6792,8288,12693,NA,0.0196417708685367,0.00983791035928738,52
"8182.SAN VICENTE",723,199,97,66,8,2,1,32,11,1,4,4,2,0,0,"pd2.5.dp",1150,"pd2.5.dp-8182.SAN VICENTE",2419,2705,3828,5268,8170,NA,0.0252057933419801,0.000152212828152032,36
"8182.SANTA ANA",88,50,9,172,14,2,1,26,5,3,0,1,4,3,6,"pd2.5.dp",384,"pd2.5.dp-8182.SANTA ANA",664,793,911,1070,1411,NA,0.00881775700934579,0.92430107572496,60
"8182.USULUTAN",259,117,12,36,5,0,0,81,21,5,1,2,2,0,0,"pd2.5.dp",541,"pd2.5.dp-8182.USULUTAN",1405,1730,1966,2232,3024,NA,0.00581967213114754,0.998156275893027,5
"8384.CHALATENANGO",47,147,5,41,5,6,1,11,4,1,2,1,3,0,0,"pd2.5.dp",274,"pd2.5.dp-8384.CHALATENANGO",730,916,1059,1223,1651,NA,0.00784027777777778,0.983158418676191,13
"8384.CUSCATLAN",207,91,19,204,32,12,18,14,2,1,0,8,5,2,3,"pd2.5.dp",618,"pd2.5.dp-8384.CUSCATLAN",1110,1436,1717,2090,3411,NA,0.0120277777777778,0.457062023062974,50
"8384.SAN SALVADOR",270,60,2,699,89,7,12,99,51,2,4,23,42,3,6,"pd2.5.dp",1369,"pd2.5.dp-8384.SAN SALVADOR",2617,3550,3967,4433,6044,NA,0.00641726618705036,0.99542290062435,54
"8384.SANTA ANA",42,18,0,165,13,0,0,4,5,0,0,0,5,0,2,"pd2.5.dp",254,"pd2.5.dp-8384.SANTA ANA",491,673,781,919,1549,NA,0.00668181818181819,0.994212848628962,43
"8586.SAN SALVADOR",90,28,3,179,32,3,1,63,14,0,1,9,12,0,2,"pd2.5.dp",437,"pd2.5.dp-8586.SAN SALVADOR",981,1322,1511,1719,2273,NA,0.00606779661016949,0.997021362806438,13
"8788.SAN SALVADOR",81,25,4,113,75,3,5,52,7,1,0,9,18,1,1,"pd2.5.dp",395,"pd2.5.dp-8788.SAN SALVADOR",723,825,891,983,1254,NA,0.00743396226415094,0.990772566697068,3
"8990.SAN SALVADOR",72,36,2,210,33,9,4,102,3,2,3,12,14,3,2,"pd2.5.dp",507,"pd2.5.dp-8990.SAN SALVADOR",943,1161,1303,1477,1893,NA,0.00786363636363636,0.982485281714218,30
"8085.AHUACHAPAN",48,106,0,140,4,0,0,28,2,0,0,1,1,0,0,"pd4.dp",330,"pd4.dp-8085.AHUACHAPAN",862,1223,1473,1805,2645,NA,0.006,0.997331462238832,35
"8085.CABANAS",181,367,53,89,3,11,0,31,1,10,1,0,1,0,0,"pd4.dp",748,"pd4.dp-8085.CABANAS",1781,2078,2275,2650,4177,NA,0.00595833333333333,0.997522044181657,14
"8085.CHALATENANGO",554,1303,261,90,22,15,12,27,7,4,3,3,6,1,0,"pd4.dp",2308,"pd4.dp-8085.CHALATENANGO",4835,6240,8070,9288,11733,NA,0.0603457772337821,0,39
"8085.CUSCATLAN",492,504,98,391,65,23,26,63,12,6,2,9,16,3,6,"pd4.dp",1716,"pd4.dp-8085.CUSCATLAN",5399,7452,8225,9135,11260,NA,0.00671356783919598,0.994067626755672,52
"8085.LA LIBERTAD",291,205,41,147,47,7,7,93,27,0,4,13,29,3,1,"pd4.dp",915,"pd4.dp-8085.LA LIBERTAD",2603,3810,4587,5442,7591,NA,0.0103357363542739,0.730418898244636,52
"8085.LA PAZ",209,162,11,95,16,3,2,39,8,1,1,3,6,2,1,"pd4.dp",559,"pd4.dp-8085.LA PAZ",1746,2286,2576,2980,3993,NA,0.00693624161073825,0.993049124355749,19
"8085.MORAZAN",572,227,101,137,349,5,11,73,11,7,16,2,5,0,0,"pd4.dp",1516,"pd4.dp-8085.MORAZAN",2663,3184,4766,5697,8144,NA,0.0455108069164265,0,51
"8085.SAN MIGUEL",78,63,8,140,6,0,0,83,8,4,0,1,5,1,0,"pd4.dp",397,"pd4.dp-8085.SAN MIGUEL",782,1090,1317,1537,2233,NA,0.00668778280542986,0.994185566639615,60
"8085.SAN SALVADOR",1143,415,74,1307,185,17,20,543,242,25,23,58,129,5,17,"pd4.dp",4203,"pd4.dp-8085.SAN SALVADOR",10558,12846,16949,29144,40693,NA,0.0357807651434644,0,56
"8085.SAN VICENTE",1005,332,150,189,15,4,3,64,20,2,5,5,5,0,1,"pd4.dp",1800,"pd4.dp-8085.SAN VICENTE",9287,11240,12459,13987,17352,NA,0.00738260254596888,0.991007484334046,36
"8085.SANTA ANA",251,124,32,365,27,2,3,41,10,4,0,2,9,3,8,"pd4.dp",881,"pd4.dp-8085.SANTA ANA",1581,1763,1885,2023,2370,NA,0.00685087719298245,0.993439578353766,60
"8085.SONSONATE",112,100,26,34,16,1,7,26,3,1,0,0,12,1,1,"pd4.dp",340,"pd4.dp-8085.SONSONATE",711,849,1001,1380,2323,NA,0.00652298850574713,0.994939330266817,52
"8085.USULUTAN",362,163,16,112,11,0,0,138,38,7,2,4,6,0,1,"pd4.dp",860,"pd4.dp-8085.USULUTAN",3016,3603,3915,4286,5155,NA,0.00792753623188406,0.980643844760666,17
"8692.CHALATENANGO",70,144,25,86,24,6,4,26,5,2,1,0,0,1,0,"pd4.dp",394,"pd4.dp-8692.CHALATENANGO",635,713,770,893,1860,NA,0.00704545454545455,0.992549588037031,23
"8692.LA LIBERTAD",40,19,2,87,20,2,0,43,2,0,0,13,3,0,1,"pd4.dp",232,"pd4.dp-8692.LA LIBERTAD",433,516,587,689,1058,NA,0.00797619047619048,0.978619446495922,3
"8692.MORAZAN",82,5,1,71,21,3,3,14,10,0,0,0,8,0,0,"pd4.dp",218,"pd4.dp-8692.MORAZAN",358,427,467,530,991,NA,0.00907692307692308,0.90180809111017,4
"8692.SAN SALVADOR",218,76,10,385,128,14,9,231,23,4,5,24,36,4,3,"pd4.dp",1170,"pd4.dp-8692.SAN SALVADOR",2516,3102,3541,3931,4786,NA,0.00976444444444444,0.815767842798373,42
"8692.USULUTAN",59,12,2,64,13,3,1,73,5,0,2,5,3,0,1,"pd4.dp",243,"pd4.dp-8692.USULUTAN",497,595,668,749,999,NA,0.00731609195402298,0.991311701562003,1
"EAST",799,325,111,431,414,10,15,216,33,14,16,8,25,1,0,"region",2418,"region-EAST",5566,6814,7510,8572,12548,NA,0.00552040816326531,0.999525099295026,41
"ECENTRAL",1925,1103,238,649,120,26,9,402,84,22,11,19,31,3,4,"region",4646,"region-ECENTRAL",20933,24334,26324,28535,33140,NA,0.00637518910741301,0.995615359782407,52
"WEST",483,357,63,634,84,5,20,152,18,8,1,6,31,4,16,"region",1882,"region-WEST",5118,6430,7530,8784,15878,NA,0.0134061051004637,0.275480403073306,61
"EAST.1980",223,105,30,3,1,0,0,44,5,7,1,2,1,0,0,"re.yr",422,"re.yr-EAST.1980",994,1156,1260,1378,1672,NA,0.005875,0.997903208067308,7
"EAST.1981",267,91,50,111,344,2,10,67,2,2,7,1,4,0,0,"re.yr",958,"re.yr-EAST.1981",2653,4026,4913,6055,9010,NA,0.00574371859296482,0.998503684841939,51
"EAST.1982",85,62,15,72,4,1,1,27,8,5,7,0,0,0,0,"re.yr",287,"re.yr-EAST.1982",456,515,555,618,1580,NA,0.009375,0.864971858049699,28
"ECENTRAL.1980",431,399,97,36,7,0,4,68,17,13,3,2,0,1,1,"re.yr",1079,"re.yr-ECENTRAL.1980",2518,2732,2870,3013,3323,NA,0.0102320675105485,0.746574632706343,1
"ECENTRAL.1981",539,303,49,29,4,1,0,71,29,4,5,1,3,0,0,"re.yr",1038,"re.yr-ECENTRAL.1981",3496,4002,4307,4623,5489,NA,0.0116502145922747,0.51531752608398,19
"ECENTRAL.1982",624,203,73,131,13,3,1,65,10,2,0,6,7,0,0,"re.yr",1138,"re.yr-ECENTRAL.1982",2734,4802,5590,6386,8576,NA,0.0247238372093023,0.000230029625261863,12
"ECENTRAL.1983",74,45,2,89,16,0,0,21,4,1,0,0,3,0,1,"re.yr",256,"re.yr-ECENTRAL.1983",569,748,1017,1445,2440,NA,0.00539169675090253,1,13
"ECENTRAL.1984",65,57,6,104,4,8,0,30,6,0,1,2,2,0,1,"re.yr",286,"re.yr-ECENTRAL.1984",796,983,1100,1241,1622,NA,0.00555882352941176,0.999349388692277,4
"WCENTRAL.1980",819,1026,238,74,28,14,11,178,37,14,6,0,6,0,2,"re.yr",2453,"re.yr-WCENTRAL.1980",5565,5879,6079,6329,12053,NA,0.0173083787337967,0.0428931003673036,45
"WCENTRAL.1981",647,597,123,55,45,4,8,171,67,6,6,7,32,1,2,"re.yr",1771,"re.yr-WCENTRAL.1981",4445,4860,5078,5357,10384,NA,0.00871538461538461,0.933185960632438,45
"WCENTRAL.1982",358,432,78,565,90,11,9,175,114,11,14,30,74,4,9,"re.yr",1974,"re.yr-WCENTRAL.1982",3706,7277,11353,13509,18076,NA,0.0454539045553145,0,52
"WCENTRAL.1983",402,197,22,713,90,11,30,59,33,1,3,18,36,1,6,"re.yr",1622,"re.yr-WCENTRAL.1983",3531,4879,5983,7513,12572,NA,0.00754678998911861,0.990256496448374,56
"WCENTRAL.1984",173,122,6,290,46,16,2,76,32,3,3,22,23,6,3,"re.yr",823,"re.yr-WCENTRAL.1984",1933,2170,2296,2469,3149,NA,0.00538888888888889,1,19
"WCENTRAL.1985",81,53,7,238,20,6,5,67,5,0,0,6,9,0,2,"re.yr",499,"re.yr-WCENTRAL.1985",1369,1991,2358,2817,3877,NA,0.007708,0.986970338713172,52
"WCENTRAL.1986",86,45,8,127,33,5,0,30,9,0,1,5,9,0,0,"re.yr",358,"re.yr-WCENTRAL.1986",632,725,834,1098,1518,NA,0.00745348837209302,0.99068325493097,13
"WCENTRAL.1987",55,34,5,67,45,4,6,31,6,0,0,6,12,0,2,"re.yr",273,"re.yr-WCENTRAL.1987",482,564,627,709,937,NA,0.00878846153846153,0.926843625303469,13
"WCENTRAL.1988",75,54,6,95,65,3,0,54,6,2,0,6,9,1,1,"re.yr",377,"re.yr-WCENTRAL.1988",844,1008,1121,1252,1693,NA,0.00571929824561404,0.998615382695761,3
"WCENTRAL.1989",77,62,10,215,32,8,5,70,4,3,2,12,10,4,1,"re.yr",515,"re.yr-WCENTRAL.1989",998,1146,1271,1432,1844,NA,0.00947058823529412,0.852894846670147,8
"WCENTRAL.1990",41,36,9,85,18,4,2,74,4,0,2,11,7,1,1,"re.yr",295,"re.yr-WCENTRAL.1990",618,757,847,961,1290,NA,0.00836363636363637,0.958290807849463,8
"WEST.1980",183,141,42,3,2,0,2,25,1,2,0,0,0,0,0,"re.yr",401,"re.yr-WEST.1980",828,957,1043,1153,1879,NA,0.00922448979591837,0.883987937192072,4
"WEST.1981",99,95,10,35,8,1,1,19,0,3,0,1,4,1,0,"re.yr",277,"re.yr-WEST.1981",755,970,1112,1265,1689,NA,0.0078587786259542,0.982625269759951,30
"WEST.1982",65,43,4,203,16,1,1,26,5,0,0,0,5,3,7,"re.yr",379,"re.yr-WEST.1982",689,875,1023,1200,1827,NA,0.00772881355932204,0.986370543153,60
"WEST.1983",45,30,1,156,21,1,5,13,8,0,0,0,8,0,2,"re.yr",290,"re.yr-WEST.1983",570,917,1223,1583,2804,NA,0.00911788617886179,0.897456677276376,54
"EAST.8083",622,301,104,225,353,4,11,147,15,14,15,3,10,0,0,"re.pd",1824,"re.pd-EAST.8083",5329,6786,7542,8362,10284,NA,0.00831574675324676,0.960803495726854,51
"EAST.8492",177,24,7,206,61,6,4,69,18,0,1,5,15,1,0,"re.pd",594,"re.pd-EAST.8492",1077,1210,1428,1782,2454,NA,0.00756081081081081,0.99019236567786,13
"ECENTRAL.8083",1668,950,221,285,40,4,5,225,60,20,8,9,13,1,2,"re.pd",3511,"re.pd-ECENTRAL.8083",9957,10761,11337,13308,21993,NA,0.00751150895140665,0.990417870737463,46
"ECENTRAL.8492",257,153,17,364,80,22,4,177,24,2,3,10,18,2,2,"re.pd",1135,"re.pd-ECENTRAL.8492",3276,3885,4244,4647,5724,NA,0.00699447513812154,0.992782766144878,13
"WCENTRAL.8083",2226,2252,461,1407,253,40,58,583,251,32,29,55,148,6,19,"re.pd",7820,"re.pd-WCENTRAL.8083",57391,68855,75998,84390,103972,NA,0.00883806600153492,0.922538461301234,57
"WCENTRAL.8492",624,424,54,1117,259,46,20,475,73,11,10,68,79,12,10,"re.pd",3282,"re.pd-WCENTRAL.8492",10949,12400,13183,14044,16121,NA,0.00814516129032258,0.969753830074148,52
"WEST.8083",392,309,57,397,47,3,9,83,14,5,0,1,17,4,9,"re.pd",1347,"re.pd-WEST.8083",2954,3301,3509,3727,4730,NA,0.01,0.782739992933007,61
"WEST.8492",91,48,6,237,37,2,11,69,4,3,1,5,14,0,7,"re.pd",535,"re.pd-WEST.8492",957,1242,1488,1829,2920,NA,0.0102263157894737,0.747470979911962,56
"EAST.8081",490,196,80,114,345,2,10,111,7,9,8,3,5,0,0,"re.pd2",1380,"re.pd2-EAST.8081",2638,5563,6684,7850,10452,NA,0.024801724137931,0.000208685005278153,51
"EAST.8283",132,105,24,111,8,2,1,36,8,5,7,0,5,0,0,"re.pd2",444,"re.pd2-EAST.8283",811,914,993,1116,2144,NA,0.00841803278688525,0.955436718368282,46
"ECENTRAL.8081",970,702,146,65,11,1,4,139,46,17,8,3,3,1,1,"re.pd2",2117,"re.pd2-ECENTRAL.8081",5914,6436,6768,7114,8094,NA,0.00831535269709544,0.960824171195006,19
"ECENTRAL.8283",698,248,75,220,29,3,1,86,14,3,0,6,10,0,1,"re.pd2",1394,"re.pd2-ECENTRAL.8283",3327,3727,4034,4501,11725,NA,0.0079581097812629,0.979568110362463,46
"ECENTRAL.8485",89,74,9,200,5,14,0,47,7,0,1,3,5,1,1,"re.pd2",456,"re.pd2-ECENTRAL.8485",1117,1363,1571,1796,2330,NA,0.00964529914529915,0.830821150657551,30
"ECENTRAL.8687",89,56,3,69,37,8,0,41,3,2,1,4,6,1,0,"re.pd2",320,"re.pd2-ECENTRAL.8687",683,821,916,1040,1352,NA,0.00816666666666667,0.968625478893194,8
"ECENTRAL.8889",60,15,3,79,34,0,4,36,10,0,1,3,7,0,1,"re.pd2",253,"re.pd2-ECENTRAL.8889",502,720,923,1158,1922,NA,0.0077,0.987200879026202,42
"WCENTRAL.8081",1466,1623,361,129,73,18,19,349,104,20,12,7,38,1,4,"re.pd2",4224,"re.pd2-WCENTRAL.8081",10223,10740,11021,11308,12301,NA,0.00617441860465116,0.996533677361888,45
"WCENTRAL.8283",760,629,100,1278,180,22,39,234,147,12,17,48,110,5,15,"re.pd2",3596,"re.pd2-WCENTRAL.8283",10893,15902,24039,27691,34716,NA,0.0371855263157895,0,52
"WCENTRAL.8485",254,175,13,528,66,22,7,143,37,3,3,28,32,6,5,"re.pd2",1322,"re.pd2-WCENTRAL.8485",3670,4144,4495,4841,5830,NA,0.00758235294117647,0.990093832692475,30
"WCENTRAL.8687",141,79,13,194,78,9,6,61,15,0,1,11,21,0,2,"re.pd2",631,"re.pd2-WCENTRAL.8687",1480,1687,1831,2012,2494,NA,0.00773504273504274,0.986191033637928,13
"WCENTRAL.8889",152,116,16,310,97,11,5,124,10,5,2,18,19,5,2,"re.pd2",892,"re.pd2-WCENTRAL.8889",2022,2302,2464,2685,3192,NA,0.00683333333333333,0.993519823382324,3
"WCENTRAL.9092",77,54,12,85,18,4,2,147,11,3,4,11,7,1,1,"re.pd2",437,"re.pd2-WCENTRAL.9092",1065,1253,1370,1515,1894,NA,0.00469767441860465,1,8
"WEST.8081",282,236,52,38,10,1,3,44,1,5,0,1,4,1,0,"re.pd2",678,"re.pd2-WEST.8081",1751,1971,2136,2349,4312,NA,0.00745833333333333,0.990661094239944,30
"WEST.8283",110,73,5,359,37,2,6,39,13,0,0,0,13,3,9,"re.pd2",669,"re.pd2-WEST.8283",1378,1739,2014,2389,3552,NA,0.0082534435261708,0.964072441999802,61
"WEST.8485",19,21,1,142,0,0,1,12,1,0,0,2,5,0,0,"re.pd2",204,"re.pd2-WEST.8485",377,589,742,950,1737,NA,0.00587012987012987,0.997925483878807,61
"EAST.1980",223,105,30,3,1,0,0,44,5,7,1,2,1,0,0,"re.pd2.5",422,"re.pd2.5-EAST.1980",975,1154,1267,1386,1693,NA,0.00643023255813953,0.995363592875705,7
"EAST.8182",352,153,65,183,348,3,11,94,10,7,14,1,4,0,0,"re.pd2.5",1245,"re.pd2.5-EAST.8182",2194,3151,4320,5651,8168,NA,0.0112263242375602,0.584622757109954,51
"EAST.8384",84,53,10,69,4,1,0,17,5,0,0,0,7,1,0,"re.pd2.5",251,"re.pd2.5-EAST.8384",518,697,841,1025,1506,NA,0.00816666666666667,0.968625478893194,30
"EAST.8788",63,8,1,67,31,5,4,15,3,0,0,3,7,0,0,"re.pd2.5",207,"re.pd2.5-EAST.8788",301,332,351,379,549,NA,0.0113,0.572576916292593,1
"ECENTRAL.1980",431,399,97,36,7,0,4,68,17,13,3,2,0,1,1,"re.pd2.5",1079,"re.pd2.5-ECENTRAL.1980",2533,2749,2864,2998,3315,NA,0.00903846153846154,0.905146162335943,1
"ECENTRAL.8182",1163,506,122,160,17,4,1,136,39,6,5,7,10,0,0,"re.pd2.5",2176,"re.pd2.5-ECENTRAL.8182",6505,9260,12618,14261,17776,NA,0.045423527912312,0,36
"ECENTRAL.8384",139,102,8,193,20,8,0,51,10,1,1,2,5,0,2,"re.pd2.5",542,"re.pd2.5-ECENTRAL.8384",1694,2003,2201,2490,3402,NA,0.00762857142857143,0.989259274678259,4
"ECENTRAL.8586",60,56,4,133,19,10,0,37,4,1,1,3,7,2,0,"re.pd2.5",337,"re.pd2.5-ECENTRAL.8586",716,828,917,1050,1455,NA,0.00631034482758621,0.995911955354339,13
"ECENTRAL.8788",96,24,3,60,38,4,1,38,6,1,1,3,7,0,1,"re.pd2.5",283,"re.pd2.5-ECENTRAL.8788",564,667,735,818,1030,NA,0.00925,0.880764872930653,3
"WCENTRAL.1980",819,1026,238,74,28,14,11,178,37,14,6,0,6,0,2,"re.pd2.5",2453,"re.pd2.5-WCENTRAL.1980",5563,5903,6102,6369,11891,NA,0.0133464079273328,0.281638710367671,45
"WCENTRAL.8182",1005,1029,201,620,135,15,17,346,181,17,20,37,106,5,11,"re.pd2.5",3745,"re.pd2.5-WCENTRAL.8182",20312,26172,29189,32623,43366,NA,0.00633616692426584,0.995793845945867,52
"WCENTRAL.8384",575,319,28,1003,136,27,32,135,65,4,6,40,59,7,9,"re.pd2.5",2445,"re.pd2.5-WCENTRAL.8384",6368,8267,9825,11803,16618,NA,0.00556414473684211,0.999325049667071,56
"WCENTRAL.8586",167,98,15,365,53,11,5,97,14,0,1,11,18,0,2,"re.pd2.5",857,"re.pd2.5-WCENTRAL.8586",2678,3498,4000,4560,6312,NA,0.00775,0.985760002069763,52
"WCENTRAL.8788",130,88,11,162,110,7,6,85,12,2,0,12,21,1,3,"re.pd2.5",650,"re.pd2.5-WCENTRAL.8788",1496,1765,1927,2114,2557,NA,0.00619565217391304,0.996436555724695,13
"WCENTRAL.8990",118,98,19,300,50,12,7,144,8,3,4,23,17,5,2,"re.pd2.5",810,"re.pd2.5-WCENTRAL.8990",1976,2310,2535,2801,3560,NA,0.00826510067114094,0.96346081107165,42
"WEST.1980",183,141,42,3,2,0,2,25,1,2,0,0,0,0,0,"re.pd2.5",401,"re.pd2.5-WEST.1980",848,959,1045,1146,2091,NA,0.009,0.908484233561716,4
"WEST.8182",164,138,14,238,24,2,2,45,5,3,0,1,9,4,7,"re.pd2.5",656,"re.pd2.5-WEST.8182",1544,1873,2089,2363,3003,NA,0.00817372881355932,0.968254939840127,60
"WEST.8384",58,47,2,241,21,1,5,20,9,0,0,1,13,0,2,"re.pd2.5",420,"re.pd2.5-WEST.8384",865,1353,1835,2498,4399,NA,0.00747368421052631,0.990590879839955,54
"EAST.8082",575,258,95,186,349,3,11,138,15,14,15,3,5,0,0,"re.pd3",1667,"re.pd3-EAST.8082",3670,6480,7323,8287,10294,NA,0.0113523131672598,0.564023817354821,51
"EAST.8385",99,55,15,109,6,2,0,27,6,0,1,0,7,1,0,"re.pd3",328,"re.pd3-EAST.8385",614,754,897,1230,2249,NA,0.00581147540983606,0.998193767422763,46
"EAST.8688",83,9,1,96,51,5,4,19,6,0,0,4,7,0,0,"re.pd3",285,"re.pd3-EAST.8688",411,453,483,548,784,NA,0.0095,0.849178843168746,1
"ECENTRAL.8082",1594,905,219,196,24,4,5,204,56,19,8,9,10,1,1,"re.pd3",3255,"re.pd3-ECENTRAL.8082",9474,10632,14912,16546,19792,NA,0.0706455311183903,0,36
"ECENTRAL.8385",163,119,11,289,21,14,0,68,11,1,1,3,8,1,2,"re.pd3",712,"re.pd3-ECENTRAL.8385",2169,2578,2782,3014,3607,NA,0.007804,0.984203854956808,4
"ECENTRAL.8688",132,63,4,97,56,8,1,58,9,2,2,5,11,1,1,"re.pd3",450,"re.pd3-ECENTRAL.8688",971,1189,1321,1503,1964,NA,0.006,0.997331462238832,13
"ECENTRAL.8992",36,16,4,67,19,0,3,72,8,0,0,2,2,0,0,"re.pd3",229,"re.pd3-ECENTRAL.8992",407,577,773,981,1636,NA,0.00888271604938271,0.918663290262531,40
"WCENTRAL.8082",1824,2055,439,694,163,29,28,524,218,31,26,37,112,5,13,"re.pd3",6198,"re.pd3-WCENTRAL.8082",36764,42810,47165,52544,64590,NA,0.00861343658434492,0.942034015144822,57
"WCENTRAL.8385",656,372,35,1241,156,33,37,202,70,4,6,46,68,7,11,"re.pd3",2944,"re.pd3-WCENTRAL.8385",9120,11940,14311,17130,24541,NA,0.0103042226487524,0.735329988597481,56
"WCENTRAL.8688",216,133,19,289,143,12,6,115,21,2,1,17,30,1,3,"re.pd3",1008,"re.pd3-WCENTRAL.8688",2610,3006,3259,3511,4134,NA,0.0080037037037037,0.977175873397751,13
"WCENTRAL.8992",154,116,22,300,50,12,7,217,15,6,6,23,17,5,2,"re.pd3",952,"re.pd3-WCENTRAL.8992",2551,2975,3254,3563,4220,NA,0.00659615384615385,0.994604674441484,42
"WEST.8082",347,279,56,241,26,2,4,70,6,5,0,1,9,4,7,"re.pd3",1057,"re.pd3-WEST.8082",2334,2605,2781,2949,3428,NA,0.00698888888888889,0.992808317462443,60
"WEST.8385",64,51,2,298,21,1,6,25,9,0,0,2,13,0,2,"re.pd3",494,"re.pd3-WEST.8385",989,1571,2020,2597,4825,NA,0.0067760736196319,0.993781727401913,54
"EAST.8085",674,313,110,295,355,5,11,165,21,14,16,3,12,1,0,"re.pd4",1995,"re.pd4-EAST.8085",4667,6869,7586,8443,11334,NA,0.00607960199004975,0.996967365392837,51
"EAST.8692",125,12,1,136,59,5,4,51,12,0,0,5,13,0,0,"re.pd4",423,"re.pd4-EAST.8692",724,910,1072,1381,2258,NA,0.00824242424242424,0.964650605414836,32
"ECENTRAL.8085",1757,1024,230,485,45,18,5,272,67,20,9,12,18,2,3,"re.pd4",3967,"re.pd4-ECENTRAL.8085",11822,19857,21768,23684,28527,NA,0.0221714580822861,0.00174166247651508,52
"ECENTRAL.8692",168,79,8,164,75,8,4,130,17,2,2,7,13,1,1,"re.pd4",679,"re.pd4-ECENTRAL.8692",1794,2068,2276,2550,3181,NA,0.007296875,0.991399599268392,3
"WCENTRAL.8085",2480,2427,474,1935,319,62,65,726,288,35,32,83,180,12,24,"re.pd4",9142,"re.pd4-WCENTRAL.8085",59186,68030,73514,81035,96471,NA,0.00706571031929662,0.992456938803457,57
"WCENTRAL.8692",370,249,41,589,193,24,13,332,36,8,7,40,47,6,5,"re.pd4",1960,"re.pd4-WCENTRAL.8692",6126,6930,7503,8227,9918,NA,0.0062773631840796,0.996062812291069,52
"WEST.8085",411,330,58,539,47,3,10,95,15,5,0,3,22,4,9,"re.pd4",1551,"re.pd4-WEST.8085",3518,4477,5973,8210,23895,NA,0.00685282258064517,0.993430680215519,61
"WEST.8692",72,27,5,95,37,2,10,57,3,3,1,3,9,0,7,"re.pd4",331,"re.pd4-WEST.8692",614,826,1000,1181,1723,NA,0.0102995594713657,0.736056697345267,52
"EAST2",799,325,111,431,414,10,15,216,33,14,16,8,25,1,0,"r2",2418,"r2-EAST2",5357,6858,7513,8572,12487,NA,0.00834282907662082,0.959382531449217,41
"NCENTRAL",829,1828,341,285,67,33,16,91,16,17,5,3,8,3,0,"r2",3542,"r2-NCENTRAL",7248,7678,7941,8204,13194,NA,0.00772421524663677,0.986503055208734,29
"SCENTRAL",1720,722,183,540,99,14,9,364,80,11,10,19,29,2,4,"r2",3806,"r2-SCENTRAL",19217,22797,25349,28276,34399,NA,0.0112373599757796,0.582818435831276,52
"SSREGION",2226,1229,229,2348,466,65,62,1005,312,37,35,120,221,16,29,"r2",8400,"r2-SSREGION",37924,41430,43441,45860,50791,NA,0.00646599326599327,0.995200024591395,52
"WEST2",483,357,63,634,84,5,20,152,18,8,1,6,31,4,16,"r2",1882,"r2-WEST2",5167,6439,7472,8640,17745,NA,0.00841311475409836,0.955694759335074,61
"EAST2.1980",223,105,30,3,1,0,0,44,5,7,1,2,1,0,0,"re2.yr",422,"re2.yr-EAST2.1980",980,1158,1267,1385,1678,NA,0.007375,0.991042258125594,7
"EAST2.1981",267,91,50,111,344,2,10,67,2,2,7,1,4,0,0,"re2.yr",958,"re2.yr-EAST2.1981",2621,4017,4867,5905,8698,NA,0.00583513513513514,0.998085548628822,51
"EAST2.1982",85,62,15,72,4,1,1,27,8,5,7,0,0,0,0,"re2.yr",287,"re2.yr-EAST2.1982",458,515,555,618,1592,NA,0.007,0.992757495611023,28
"NCENTRAL.1980",347,745,185,13,5,8,9,15,3,13,1,0,1,0,0,"re2.yr",1345,"re2.yr-NCENTRAL.1980",2433,2598,2686,2785,2987,NA,0.00934782608695652,0.868405122154254,3
"NCENTRAL.1981",168,404,60,11,3,0,0,11,1,0,0,0,2,0,0,"re2.yr",660,"re2.yr-NCENTRAL.1981",1323,1642,1768,1897,2193,NA,0.01005,0.774948001684172,23
"NCENTRAL.1982",118,289,53,30,9,2,0,6,0,0,1,2,1,1,0,"re2.yr",512,"re2.yr-NCENTRAL.1982",954,1078,1143,1230,1408,NA,0.00694565217391304,0.993006080753839,21
"NCENTRAL.1984",34,114,9,91,4,13,0,12,3,1,2,1,2,0,0,"re2.yr",286,"re2.yr-NCENTRAL.1984",692,833,927,1036,1281,NA,0.00688235294117647,0.993295609331941,4
"SCENTRAL.1980",357,221,64,32,6,0,4,59,17,3,2,2,0,1,1,"re2.yr",769,"re2.yr-SCENTRAL.1980",1759,1951,2047,2186,2587,NA,0.00757142857142857,0.990143800395132,1
"SCENTRAL.1981",490,191,37,21,4,1,0,65,28,4,5,1,3,0,0,"re2.yr",850,"re2.yr-SCENTRAL.1981",2131,2873,3134,3392,4035,NA,0.00881308411214953,0.924706635780427,19
"SCENTRAL.1982",604,179,73,117,13,2,1,61,10,2,0,6,6,0,0,"re2.yr",1074,"re2.yr-SCENTRAL.1982",3039,4623,5194,5782,7380,NA,0.00609016393442623,0.996919055411734,12
"SCENTRAL.1983",55,37,1,85,14,0,0,19,4,1,0,0,3,0,1,"re2.yr",220,"re2.yr-SCENTRAL.1983",470,676,955,1306,2232,NA,0.00712060301507537,0.992205861444855,13
"SSREGION.1980",546,459,86,65,24,6,2,172,34,11,6,0,5,0,2,"re2.yr",1418,"re2.yr-SSREGION.1980",4039,4589,5184,6790,9330,NA,0.0163674698795181,0.0714811600910689,52
"SSREGION.1981",528,305,75,52,42,4,8,166,67,6,6,7,30,1,2,"re2.yr",1299,"re2.yr-SSREGION.1981",2943,3305,3513,3876,7481,NA,0.00700905562742561,0.992716075473384,45
"SSREGION.1982",260,167,25,549,81,10,9,173,114,11,13,28,74,3,9,"re2.yr",1526,"re2.yr-SSREGION.1982",4443,5296,5864,6591,8371,NA,0.00725211267605634,0.991604340644293,52
"SSREGION.1983",374,122,20,709,89,10,29,55,32,1,3,18,35,1,6,"re2.yr",1504,"re2.yr-SSREGION.1983",2893,3859,4713,5871,9434,NA,0.00726923076923077,0.991526043057382,56
"SSREGION.1984",154,50,3,253,42,11,2,69,29,2,1,21,21,6,3,"re2.yr",667,"re2.yr-SSREGION.1984",1313,1467,1577,1698,1953,NA,0.0114016393442623,0.555959085391082,19
"SSREGION.1985",64,21,4,217,19,6,3,64,5,0,0,6,9,0,2,"re2.yr",420,"re2.yr-SSREGION.1985",781,1007,1218,1507,2299,NA,0.00723711340206185,0.991672946822986,52
"SSREGION.1986",71,19,3,86,28,4,0,26,9,0,1,5,9,0,0,"re2.yr",261,"re2.yr-SSREGION.1986",435,490,541,637,968,NA,0.00776530612244899,0.985318917287179,13
"SSREGION.1987",44,15,3,55,40,2,5,29,6,0,0,6,12,0,2,"re2.yr",219,"re2.yr-SSREGION.1987",346,403,436,491,678,NA,0.008,0.977370200545581,3
"SSREGION.1988",66,22,2,83,60,3,0,42,6,1,0,6,9,1,1,"re2.yr",302,"re2.yr-SSREGION.1988",600,702,767,864,1093,NA,0.00746666666666667,0.990622977851379,3
"SSREGION.1989",64,23,6,203,25,8,2,68,3,3,2,12,10,3,1,"re2.yr",433,"re2.yr-SSREGION.1989",788,873,922,980,1152,NA,0.00808333333333334,0.972997839719388,1
"SSREGION.1990",29,21,0,76,16,1,2,72,2,0,2,11,7,1,1,"re2.yr",241,"re2.yr-SSREGION.1990",512,598,661,750,1006,NA,0.00725,0.991614003954071,3
"WEST2.1980",183,141,42,3,2,0,2,25,1,2,0,0,0,0,0,"re2.yr",401,"re2.yr-WEST2.1980",839,959,1031,1148,1921,NA,0.00659433962264151,0.994612972639285,4
"WEST2.1981",99,95,10,35,8,1,1,19,0,3,0,1,4,1,0,"re2.yr",277,"re2.yr-WEST2.1981",755,961,1114,1281,1663,NA,0.00826767676767677,0.963325647588717,30
"WEST2.1982",65,43,4,203,16,1,1,26,5,0,0,0,5,3,7,"re2.yr",379,"re2.yr-WEST2.1982",666,879,1034,1246,1827,NA,0.00725,0.991614003954071,60
"WEST2.1983",45,30,1,156,21,1,5,13,8,0,0,0,8,0,2,"re2.yr",290,"re2.yr-WEST2.1983",564,916,1216,1632,2857,NA,0.00825206611570248,0.964144712426682,54
"EAST2.8083",622,301,104,225,353,4,11,147,15,14,15,3,10,0,0,"re2.pd",1824,"re2.pd-EAST2.8083",5317,6812,7559,8409,10632,NA,0.00551456310679612,0.999551834388254,51
"EAST2.8492",177,24,7,206,61,6,4,69,18,0,1,5,15,1,0,"re2.pd",594,"re2.pd-EAST2.8492",1069,1205,1417,1773,2581,NA,0.0123621794871795,0.406481879783247,13
"NCENTRAL.8083",680,1521,301,62,20,11,10,38,5,13,2,2,5,1,0,"re2.pd",2671,"re2.pd-NCENTRAL.8083",5833,6218,6507,7885,10214,NA,0.0145909090909091,0.169322181326766,16
"NCENTRAL.8492",149,307,40,223,47,22,6,53,11,4,3,1,3,2,0,"re2.pd",871,"re2.pd-NCENTRAL.8492",1862,2811,3469,3997,4978,NA,0.00868502202643171,0.935821125230054,42
"SCENTRAL.8083",1506,628,175,255,37,3,5,204,59,10,7,9,12,1,2,"re2.pd",2913,"re2.pd-SCENTRAL.8083",12047,14702,16787,20013,26594,NA,0.00629715950473416,0.995972264581041,52
"SCENTRAL.8492",214,94,8,285,62,11,4,160,21,1,3,10,17,1,2,"re2.pd",893,"re2.pd-SCENTRAL.8492",2742,3309,3683,4112,5255,NA,0.00647222222222222,0.995171533553478,13
"SSREGION.8083",1708,1053,206,1375,236,30,48,566,247,29,28,53,144,5,19,"re2.pd",5747,"re2.pd-SSREGION.8083",19882,24118,29411,35966,43938,NA,0.0259212401995724,8.35242579213524e-05,56
"SSREGION.8492",518,176,23,973,230,35,14,439,65,8,7,67,77,11,10,"re2.pd",2653,"re2.pd-SSREGION.8492",5541,6267,6735,7309,8779,NA,0.00719953051643192,0.991844849687634,60
"WEST2.8083",392,309,57,397,47,3,9,83,14,5,0,1,17,4,9,"re2.pd",1347,"re2.pd-WEST2.8083",2909,3264,3479,3712,4731,NA,0.0105,0.704820080444651,61
"WEST2.8492",91,48,6,237,37,2,11,69,4,3,1,5,14,0,7,"re2.pd",535,"re2.pd-WEST2.8492",974,1262,1492,1867,2838,NA,0.00965,0.830227225311602,56
"EAST2.8081",490,196,80,114,345,2,10,111,7,9,8,3,5,0,0,"re2.pd2",1380,"re2.pd2-EAST2.8081",2618,5523,6679,7857,10598,NA,0.0266952702702703,4.57406853182629e-05,51
"EAST2.8283",132,105,24,111,8,2,1,36,8,5,7,0,5,0,0,"re2.pd2",444,"re2.pd2-EAST2.8283",807,920,999,1114,2108,NA,0.00674074074074074,0.993943338810825,46
"NCENTRAL.8081",515,1149,245,24,8,8,9,26,4,13,1,0,3,0,0,"re2.pd2",2005,"re2.pd2-NCENTRAL.8081",4073,4299,4438,4582,4966,NA,0.00692307692307692,0.993109339197777,16
"NCENTRAL.8283",165,372,56,38,12,3,1,12,1,0,1,2,2,1,0,"re2.pd2",666,"re2.pd2-NCENTRAL.8283",1409,1649,1772,1908,2654,NA,0.0108185483870968,0.652170609441319,28
"NCENTRAL.8485",55,149,13,117,5,15,2,20,3,1,2,1,2,0,0,"re2.pd2",385,"re2.pd2-NCENTRAL.8485",1000,1185,1291,1427,1790,NA,0.00596341463414634,0.997498802481313,4
"SCENTRAL.8081",847,412,101,53,10,1,4,124,45,7,7,3,3,1,1,"re2.pd2",1619,"re2.pd2-SCENTRAL.8081",4322,4703,4967,5313,6954,NA,0.00757009345794392,0.990149907159655,19
"SCENTRAL.8283",659,216,74,202,27,2,1,80,14,3,0,6,9,0,1,"re2.pd2",1294,"re2.pd2-SCENTRAL.8283",2886,3256,3537,4761,9821,NA,0.00974018379281537,0.81883303345597,46
"SCENTRAL.8485",70,29,2,141,5,4,0,37,7,0,1,3,5,1,1,"re2.pd2",306,"re2.pd2-SCENTRAL.8485",878,1074,1213,1376,1828,NA,0.0071875,0.991899876868309,4
"SCENTRAL.8687",78,49,2,55,28,7,0,40,2,1,1,4,5,0,0,"re2.pd2",272,"re2.pd2-SCENTRAL.8687",616,772,876,1011,1373,NA,0.0130925925925926,0.309932782988648,3
"SCENTRAL.8889",49,10,3,76,25,0,4,34,9,0,1,3,7,0,1,"re2.pd2",222,"re2.pd2-SCENTRAL.8889",413,664,833,1030,1622,NA,0.00647524752475248,0.995157695920665,42
"SSREGION.8081",1074,764,161,117,66,10,10,338,101,17,12,7,35,1,4,"re2.pd2",2717,"re2.pd2-SSREGION.8081",7444,11097,13250,14818,18619,NA,0.0522493308351178,0,52
"SSREGION.8283",634,289,45,1258,170,20,38,228,146,12,16,46,109,4,15,"re2.pd2",3030,"re2.pd2-SSREGION.8283",6259,7495,8365,9419,12336,NA,0.0104403073286052,0.714122575907209,56
"SSREGION.8485",218,71,7,470,61,17,5,133,34,2,1,27,30,6,5,"re2.pd2",1087,"re2.pd2-SSREGION.8485",2234,2528,2749,3126,4605,NA,0.00690875912408759,0.993174828332538,30
"SSREGION.8687",115,34,6,141,68,6,5,55,15,0,1,11,21,0,2,"re2.pd2",480,"re2.pd2-SSREGION.8687",931,1090,1185,1302,1573,NA,0.00985714285714286,0.804055943508878,13
"SSREGION.8889",130,45,8,286,85,11,2,110,9,4,2,18,19,4,2,"re2.pd2",735,"re2.pd2-SSREGION.8889",1505,1658,1763,1872,2174,NA,0.0127391304347826,0.356234757130114,3
"SSREGION.9092",55,26,2,76,16,1,2,141,7,2,3,11,7,1,1,"re2.pd2",351,"re2.pd2-SSREGION.9092",837,975,1070,1184,1521,NA,0.00877678571428572,0.92785696835415,8
"WEST2.8081",282,236,52,38,10,1,3,44,1,5,0,1,4,1,0,"re2.pd2",678,"re2.pd2-WEST2.8081",1724,1977,2141,2367,4449,NA,0.00733333333333333,0.99123284006842,30
"WEST2.8283",110,73,5,359,37,2,6,39,13,0,0,0,13,3,9,"re2.pd2",669,"re2.pd2-WEST2.8283",1358,1760,2032,2413,3675,NA,0.00734615384615385,0.991174199470627,61
"WEST2.8485",19,21,1,142,0,0,1,12,1,0,0,2,5,0,0,"re2.pd2",204,"re2.pd2-WEST2.8485",375,567,739,976,1686,NA,0.00756363636363636,0.99017944169353,61
"EAST2.1980",223,105,30,3,1,0,0,44,5,7,1,2,1,0,0,"re2.pd2.5",422,"re2.pd2.5-EAST2.1980",984,1154,1269,1384,1627,NA,0.00629591836734694,0.995977941502031,7
"EAST2.8182",352,153,65,183,348,3,11,94,10,7,14,1,4,0,0,"re2.pd2.5",1245,"re2.pd2.5-EAST2.8182",2136,3076,4417,5806,8318,NA,0.0160925572519084,0.0818977407784437,51
"EAST2.8384",84,53,10,69,4,1,0,17,5,0,0,0,7,1,0,"re2.pd2.5",251,"re2.pd2.5-EAST2.8384",510,694,844,1021,1438,NA,0.00727586206896552,0.991495711713696,30
"EAST2.8788",63,8,1,67,31,5,4,15,3,0,0,3,7,0,0,"re2.pd2.5",207,"re2.pd2.5-EAST2.8788",298,331,352,380,534,NA,0.0105,0.704820080444651,1
"NCENTRAL.1980",347,745,185,13,5,8,9,15,3,13,1,0,1,0,0,"re2.pd2.5",1345,"re2.pd2.5-NCENTRAL.1980",2390,2590,2684,2780,2988,NA,0.00810909090909091,0.971646382736746,3
"NCENTRAL.8182",286,693,113,41,12,2,0,17,1,0,1,2,3,1,0,"re2.pd2.5",1172,"re2.pd2.5-NCENTRAL.8182",2510,2789,2936,3074,3704,NA,0.00606603773584906,0.997029407838882,21
"NCENTRAL.8384",81,197,12,99,7,14,1,18,4,1,2,1,3,0,0,"re2.pd2.5",440,"re2.pd2.5-NCENTRAL.8384",1289,1494,1628,1785,2146,NA,0.00813636363636364,0.970215428284537,4
"NCENTRAL.8586",41,64,9,72,11,4,2,13,1,1,0,0,1,1,0,"re2.pd2.5",220,"re2.pd2.5-NCENTRAL.8586",427,532,597,669,848,NA,0.0075625,0.99018463938288,1
"SCENTRAL.1980",357,221,64,32,6,0,4,59,17,3,2,2,0,1,1,"re2.pd2.5",769,"re2.pd2.5-SCENTRAL.1980",1748,1947,2049,2175,2535,NA,0.00765094339622642,0.988614569624973,1
"SCENTRAL.8182",1094,370,110,138,17,3,1,126,38,6,5,7,9,0,0,"re2.pd2.5",1924,"re2.pd2.5-SCENTRAL.8182",5272,6306,9484,11090,14018,NA,0.0603286604361371,0,36
"SCENTRAL.8384",105,52,1,135,18,0,0,44,10,1,1,2,5,0,2,"re2.pd2.5",376,"re2.pd2.5-SCENTRAL.8384",1015,1547,2000,2637,4143,NA,0.0073277027027027,0.991258594385018,13
"SCENTRAL.8586",51,50,3,123,14,7,0,31,3,0,1,3,6,1,0,"re2.pd2.5",293,"re2.pd2.5-SCENTRAL.8586",672,795,904,1034,1474,NA,0.0104742268041237,0.708836570779104,4
"SCENTRAL.8788",79,18,2,49,29,4,1,38,5,1,1,3,7,0,1,"re2.pd2.5",238,"re2.pd2.5-SCENTRAL.8788",459,544,597,671,876,NA,0.00966666666666667,0.82812148999414,3
"SSREGION.1980",546,459,86,65,24,6,2,172,34,11,6,0,5,0,2,"re2.pd2.5",1418,"re2.pd2.5-SSREGION.1980",4040,4620,5151,6737,9326,NA,0.00853099510603589,0.949189098835216,52
"SSREGION.8182",788,472,100,601,123,14,17,339,181,17,19,35,104,4,11,"re2.pd2.5",2825,"re2.pd2.5-SSREGION.8182",11438,13579,14691,16293,20104,NA,0.00761731843575419,0.989583558239086,52
"SSREGION.8384",528,172,23,962,131,21,31,124,61,3,4,39,56,7,9,"re2.pd2.5",2171,"re2.pd2.5-SSREGION.8384",4767,6195,7232,8741,13319,NA,0.0058099173553719,0.998200893911886,56
"SSREGION.8586",135,40,7,303,47,10,3,90,14,0,1,11,18,0,2,"re2.pd2.5",681,"re2.pd2.5-SSREGION.8586",1366,1663,1906,2282,3165,NA,0.00730314960629921,0.991370899428577,30
"SSREGION.8788",110,37,5,138,100,5,5,71,12,1,0,12,21,1,3,"re2.pd2.5",521,"re2.pd2.5-SSREGION.8788",984,1106,1190,1318,1745,NA,0.00583333333333333,0.998093790010133,3
"SSREGION.8990",93,44,6,279,41,9,4,140,5,3,4,23,17,4,2,"re2.pd2.5",674,"re2.pd2.5-SSREGION.8990",1377,1658,1817,2000,2440,NA,0.00820560747663551,0.966582319628618,8
"WEST2.1980",183,141,42,3,2,0,2,25,1,2,0,0,0,0,0,"re2.pd2.5",401,"re2.pd2.5-WEST2.1980",831,955,1042,1145,1923,NA,0.00803389830508475,0.975591613090859,4
"WEST2.8182",164,138,14,238,24,2,2,45,5,3,0,1,9,4,7,"re2.pd2.5",656,"re2.pd2.5-WEST2.8182",1578,1910,2133,2416,3134,NA,0.009225,0.883923475906843,60
"WEST2.8384",58,47,2,241,21,1,5,20,9,0,0,1,13,0,2,"re2.pd2.5",420,"re2.pd2.5-WEST2.8384",842,1339,1837,2551,4661,NA,0.00726113360323887,0.991563079224409,54
"EAST2.8082",575,258,95,186,349,3,11,138,15,14,15,3,5,0,0,"re2.pd3",1667,"re2.pd3-EAST2.8082",3748,6465,7365,8255,10445,NA,0.00738,0.991019388292455,51
"EAST2.8385",99,55,15,109,6,2,0,27,6,0,1,0,7,1,0,"re2.pd3",328,"re2.pd3-EAST2.8385",613,759,892,1227,2286,NA,0.0065,0.995044478924927,46
"EAST2.8688",83,9,1,96,51,5,4,19,6,0,0,4,7,0,0,"re2.pd3",285,"re2.pd3-EAST2.8688",415,453,484,535,757,NA,0.0106607142857143,0.678417544896694,1
"NCENTRAL.8082",633,1438,298,54,17,10,9,32,4,13,2,2,4,1,0,"re2.pd3",2517,"re2.pd3-NCENTRAL.8082",5243,5589,5790,6154,8983,NA,0.0109703016241299,0.626934887992881,16
"NCENTRAL.8385",102,232,16,125,8,16,3,26,4,1,2,1,3,0,0,"re2.pd3",539,"re2.pd3-NCENTRAL.8385",1569,1826,1976,2160,2581,NA,0.00608490566037736,0.996943106581754,4
"NCENTRAL.8688",57,86,12,81,29,4,1,19,2,2,0,0,1,1,0,"re2.pd3",295,"re2.pd3-NCENTRAL.8688",589,762,887,1046,1432,NA,0.00570833333333333,0.99866553583861,14
"SCENTRAL.8082",1451,591,174,170,23,3,5,185,55,9,7,9,9,1,1,"re2.pd3",2693,"re2.pd3-SCENTRAL.8082",10743,12596,13607,14812,18066,NA,0.01022,0.748455231438131,36
"SCENTRAL.8385",125,66,3,226,19,4,0,56,11,1,1,3,8,1,2,"re2.pd3",526,"re2.pd3-SCENTRAL.8385",1682,2005,2257,2708,3908,NA,0.00685046728971962,0.993441453237611,4
"SCENTRAL.8688",110,54,3,81,42,7,1,57,7,1,2,5,10,0,1,"re2.pd3",381,"re2.pd3-SCENTRAL.8688",885,1047,1168,1338,1863,NA,0.00548245614035088,0.999698690581294,3
"SCENTRAL.8992",34,11,3,63,15,0,3,66,7,0,0,2,2,0,0,"re2.pd3",206,"re2.pd3-SCENTRAL.8992",352,483,698,868,1413,NA,0.024258358662614,0.000357592271068352,40
"SSREGION.8082",1334,931,186,666,147,20,19,511,215,28,25,35,109,4,13,"re2.pd3",4243,"re2.pd3-SSREGION.8082",19896,22713,24481,26230,30893,NA,0.0107887008461921,0.657134089910773,52
"SSREGION.8385",592,193,27,1179,150,27,34,188,66,3,4,45,65,7,11,"re2.pd3",2591,"re2.pd3-SSREGION.8385",6334,8381,10024,12152,18959,NA,0.0103345428156749,0.730604899091015,56
"SSREGION.8688",181,56,8,224,128,9,5,97,21,1,1,17,30,1,3,"re2.pd3",782,"re2.pd3-SSREGION.8688",1670,1918,2059,2229,2648,NA,0.00654444444444444,0.994841191519247,13
"SSREGION.8992",119,49,8,279,41,9,4,209,10,5,5,23,17,4,2,"re2.pd3",784,"re2.pd3-SSREGION.8992",1693,2139,2318,2524,3054,NA,0.00724074074074074,0.991656355496921,8
"WEST2.8082",347,279,56,241,26,2,4,70,6,5,0,1,9,4,7,"re2.pd3",1057,"re2.pd3-WEST2.8082",2346,2628,2795,2987,3388,NA,0.00692857142857143,0.993084207513009,60
"WEST2.8385",64,51,2,298,21,1,6,25,9,0,0,2,13,0,2,"re2.pd3",494,"re2.pd3-WEST2.8385",994,1579,2018,2673,4749,NA,0.00658765432098765,0.994643550985946,54
"EAST2.8085",674,313,110,295,355,5,11,165,21,14,16,3,12,1,0,"re2.pd4",1995,"re2.pd4-EAST2.8085",4274,6807,7625,8418,11634,NA,0.00654675505931612,0.994830622843934,51
"EAST2.8692",125,12,1,136,59,5,4,51,12,0,0,5,13,0,0,"re2.pd4",423,"re2.pd4-EAST2.8692",728,922,1065,1398,2301,NA,0.00650943396226415,0.995001328296363,32
"NCENTRAL.8085",735,1670,314,179,25,26,12,58,8,14,4,3,7,1,0,"re2.pd4",3056,"re2.pd4-NCENTRAL.8085",6580,6946,7227,10277,14071,NA,0.0333213389121339,0,21
"NCENTRAL.8692",94,158,27,106,42,7,4,33,8,3,1,0,1,2,0,"re2.pd4",486,"re2.pd4-NCENTRAL.8692",836,1032,1149,1301,1877,NA,0.00731884057971014,0.991299129439837,14
"SCENTRAL.8085",1576,657,177,396,42,7,5,241,66,10,8,12,17,2,3,"re2.pd4",3219,"re2.pd4-SCENTRAL.8085",15488,18978,21072,24405,30936,NA,0.00683194278903457,0.993526183685541,52
"SCENTRAL.8692",144,65,6,144,57,7,4,123,14,1,2,7,12,0,1,"re2.pd4",587,"re2.pd4-SCENTRAL.8692",1529,1811,2000,2286,3114,NA,0.00578571428571429,0.998311597944791,3
"SSREGION.8085",1926,1124,213,1845,297,47,53,699,281,31,29,80,174,11,24,"re2.pd4",6834,"re2.pd4-SSREGION.8085",28542,36017,38599,41232,48160,NA,0.00587427578215527,0.997906520615561,52
"SSREGION.8692",300,105,16,503,169,18,9,306,31,6,6,40,47,5,5,"re2.pd4",1566,"re2.pd4-SSREGION.8692",3343,3933,4400,4869,5828,NA,0.00729340659340659,0.991415463644402,30
"WEST2.8085",411,330,58,539,47,3,10,95,15,5,0,3,22,4,9,"re2.pd4",1551,"re2.pd4-WEST2.8085",3505,4447,5789,8018,23067,NA,0.00849787414965987,0.951247575405414,61
"WEST2.8692",72,27,5,95,37,2,10,57,3,3,1,3,9,0,7,"re2.pd4",331,"re2.pd4-WEST2.8692",598,833,1008,1202,1825,NA,0.00933333333333333,0.870236196343351,52
"AHUA-SONS",187,215,28,204,34,2,9,88,7,1,0,3,19,1,5,"r3",803,"r3-AHUA-SONS",4465,6300,7638,9129,13712,NA,0.0116435582822086,0.516405819558413,52
"CUSC-CABA",739,895,157,531,107,37,26,133,22,19,4,12,26,5,7,"r3",2720,"r3-CUSC-CABA",9817,11340,12229,13110,15194,NA,0.00800417246175243,0.9771512784458,52
"LALI-SANS",1692,715,127,1926,380,40,36,910,294,29,32,108,197,12,22,"r3",6520,"r3-LALI-SANS",26719,29877,31778,33954,39170,NA,0.00846124328472755,0.95316953571173,52
"LAPA-SANV",1299,547,165,364,75,11,8,153,37,4,6,10,20,2,2,"r3",2703,"r3-LAPA-SANV",12216,14767,16608,18802,23769,NA,0.0065948905109489,0.994610452894551,52
"MORA-LAUN",681,255,103,236,375,8,14,98,23,10,16,2,16,0,0,"r3",1837,"r3-MORA-LAUN",3239,3460,3590,3733,4468,NA,0.00603076923076923,0.99719072480413,28
"SANT-CHAL",920,1589,321,606,96,24,27,117,23,13,5,6,18,5,11,"r3",3781,"r3-SANT-CHAL",15747,26656,29491,32821,44377,NA,0.00584770642201835,0.99802804798215,52
"USUL-SANM",539,245,26,371,63,5,2,329,53,11,4,15,18,1,2,"r3",1684,"r3-USUL-SANM",6027,7341,8073,8955,11939,NA,0.00634350393700787,0.995760286694437,13
"CUSC-CABA.1980",201,402,65,43,9,1,1,30,4,14,1,0,3,0,0,"re3.yr",774,"re3.yr-CUSC-CABA.1980",1594,1795,1908,2021,2256,NA,0.0076923076923077,0.987422552404116,5
"CUSC-CABA.1981",145,237,41,25,10,1,3,20,6,1,0,0,3,1,2,"re3.yr",495,"re3.yr-CUSC-CABA.1981",1115,1306,1419,1547,2369,NA,0.00652247191011236,0.99494169315801,16
"CUSC-CABA.1982",64,85,14,56,11,5,3,11,1,0,2,1,5,0,1,"re3.yr",259,"re3.yr-CUSC-CABA.1982",503,610,682,781,1175,NA,0.00541304347826087,1,19
"CUSC-CABA.1983",193,70,19,85,17,4,18,9,1,0,0,0,3,0,0,"re3.yr",419,"re3.yr-CUSC-CABA.1983",707,957,1162,1455,2515,NA,0.00737209302325581,0.99105555454021,41
"CUSC-CABA.1984",48,71,7,177,17,16,0,12,1,1,0,8,2,2,3,"re3.yr",365,"re3.yr-CUSC-CABA.1984",738,862,930,1014,1202,NA,0.00792857142857143,0.980614012939622,7
"LALI-SANS.1980",419,235,54,26,16,5,1,151,30,7,6,0,2,0,2,"re3.yr",954,"re3.yr-LALI-SANS.1980",2455,2703,2878,3031,3460,NA,0.009021875,0.906585705552057,3
"LALI-SANS.1981",432,180,46,35,32,3,5,152,62,5,6,7,27,0,0,"re3.yr",992,"re3.yr-LALI-SANS.1981",2063,2299,2512,2843,4116,NA,0.00683720930232558,0.993502094829503,45
"LALI-SANS.1982",216,106,11,507,70,6,6,166,113,11,11,27,70,3,8,"re3.yr",1331,"re3.yr-LALI-SANS.1982",3613,4181,4474,4857,5928,NA,0.00689383561643836,0.993243087958496,31
"LALI-SANS.1983",200,60,2,628,74,6,11,48,31,1,3,18,32,1,6,"re3.yr",1121,"re3.yr-LALI-SANS.1983",2020,2527,2854,3305,5074,NA,0.00693103448275862,0.993072941585354,54
"LALI-SANS.1984",121,21,2,130,25,3,2,62,28,1,1,13,19,4,0,"re3.yr",432,"re3.yr-LALI-SANS.1984",781,879,939,1017,1245,NA,0.00735294117647059,0.991143154448267,4
"LALI-SANS.1985",46,18,0,128,15,1,2,57,5,0,0,6,8,0,2,"re3.yr",288,"re3.yr-LALI-SANS.1985",676,964,1164,1404,2068,NA,0.010027950310559,0.778384221427447,54
"LALI-SANS.1986",63,16,3,73,25,4,0,24,9,0,1,5,6,0,0,"re3.yr",229,"re3.yr-LALI-SANS.1986",376,418,447,484,611,NA,0.0092,0.887082078883034,1
"LALI-SANS.1988",54,21,1,80,52,2,0,35,4,1,0,5,9,1,1,"re3.yr",266,"re3.yr-LALI-SANS.1988",528,637,713,799,1140,NA,0.00520967741935484,1,3
"LALI-SANS.1989",58,23,4,196,23,8,2,57,1,2,2,11,9,2,1,"re3.yr",399,"re3.yr-LALI-SANS.1989",732,816,863,917,1123,NA,0.0085,0.951136035588419,1
"LALI-SANS.1990",24,21,0,71,14,1,2,68,2,0,1,10,5,1,1,"re3.yr",221,"re3.yr-LALI-SANS.1990",488,587,644,720,954,NA,0.00646774193548387,0.995192026235502,3
"LAPA-SANV.1980",296,194,61,32,5,0,4,32,5,2,2,0,0,1,1,"re3.yr",635,"re3.yr-LAPA-SANV.1980",1439,1603,1724,1932,2809,NA,0.00786111111111111,0.982558053277675,1
"LAPA-SANV.1981",390,117,28,20,3,1,0,22,13,0,4,1,1,0,0,"re3.yr",600,"re3.yr-LAPA-SANV.1981",1527,1874,2078,2303,2905,NA,0.00973699421965318,0.819236017267284,4
"LAPA-SANV.1982",445,136,70,82,9,2,1,23,4,1,0,4,6,0,0,"re3.yr",783,"re3.yr-LAPA-SANV.1982",1593,2916,3439,4017,5334,NA,0.0314061010486177,0,12
"MORA-LAUN.1980",189,80,27,2,1,0,0,33,2,6,1,1,1,0,0,"re3.yr",343,"re3.yr-MORA-LAUN.1980",693,823,909,1004,1297,NA,0.00873913043478261,0.931125064484352,19
"MORA-LAUN.1981",253,79,49,111,344,2,10,30,1,1,7,1,4,0,0,"re3.yr",892,"re3.yr-MORA-LAUN.1981",1765,2665,3226,3879,5763,NA,0.00860860215053763,0.942453594938832,51
"SANT-CHAL.1980",389,621,175,9,4,8,10,16,3,4,0,0,1,0,0,"re3.yr",1240,"re3.yr-SANT-CHAL.1980",2386,2559,2651,2755,2987,NA,0.00821428571428572,0.966126986992512,14
"SANT-CHAL.1981",180,318,54,5,7,1,0,14,0,3,0,1,2,1,0,"re3.yr",586,"re3.yr-SANT-CHAL.1981",1401,1610,1722,1857,2189,NA,0.00714622641509434,0.992088660868277,16
"SANT-CHAL.1982",125,289,56,186,19,2,1,19,5,0,1,2,4,3,6,"re3.yr",718,"re3.yr-SANT-CHAL.1982",1256,1419,1516,1657,2277,NA,0.00849367088607595,0.951468113625852,43
"SANT-CHAL.1983",61,83,2,138,14,1,1,8,6,0,0,0,4,0,2,"re3.yr",320,"re3.yr-SANT-CHAL.1983",762,1152,1715,2344,3709,NA,0.0117556179775281,0.49822772677974,13
"SANT-CHAL.1984",28,82,3,68,4,5,0,7,3,1,2,1,4,0,0,"re3.yr",208,"re3.yr-SANT-CHAL.1984",441,574,684,822,1161,NA,0.00612727272727273,0.996749321031656,17
"USUL-SANM.1980",95,52,6,1,1,0,0,38,15,2,0,3,0,0,0,"re3.yr",213,"re3.yr-USUL-SANM.1980",399,526,626,743,1150,NA,0.00904123711340206,0.904905270598001,7
"USUL-SANM.1981",114,86,10,1,1,0,0,80,16,5,1,0,2,0,0,"re3.yr",316,"re3.yr-USUL-SANM.1981",805,970,1077,1214,1570,NA,0.00735185185185185,0.99114813698272,16
"USUL-SANM.1982",166,55,6,97,7,0,0,60,8,3,0,2,0,0,0,"re3.yr",404,"re3.yr-USUL-SANM.1982",1376,1712,1932,2143,2743,NA,0.00622463768115942,0.99630397698186,5
"AHUA-SONS.8083",155,197,25,91,20,1,7,43,4,1,0,0,10,1,1,"re3.pd",556,"re3.pd-AHUA-SONS.8083",1738,2994,3838,4776,7682,NA,0.00747860962566845,0.990568351155467,52
"AHUA-SONS.8492",32,18,3,113,14,1,2,45,3,0,0,3,9,0,4,"re3.pd",247,"re3.pd-AHUA-SONS.8492",533,843,1067,1381,2169,NA,0.00639007092198582,0.99554729085919,52
"CUSC-CABA.8083",603,794,139,209,47,11,25,70,12,15,3,1,14,1,3,"re3.pd",1947,"re3.pd-CUSC-CABA.8083",4160,4948,5601,6456,10359,NA,0.0085392156862745,0.94847563589402,56
"CUSC-CABA.8492",136,101,18,322,60,26,1,63,10,4,1,11,12,4,4,"re3.pd",773,"re3.pd-CUSC-CABA.8492",1471,1606,1715,1879,2208,NA,0.00752083333333334,0.990375221325706,4
"LALI-SANS.8083",1267,581,113,1196,192,20,23,517,236,24,26,52,131,4,16,"re3.pd",4398,"re3.pd-LALI-SANS.8083",13740,20978,23500,26305,33898,NA,0.00942176756666107,0.859063051039905,52
"LALI-SANS.8492",425,134,14,730,188,20,13,393,58,5,6,56,66,8,6,"re3.pd",2122,"re3.pd-LALI-SANS.8492",4902,5604,6140,6780,8551,NA,0.00799537037037037,0.97761310948037,30
"LAPA-SANV.8083",1174,472,159,196,30,3,5,83,25,3,6,5,9,1,1,"re3.pd",2172,"re3.pd-LAPA-SANV.8083",8612,10034,10988,12224,18775,NA,0.00811674008810573,0.971245043088623,36
"LAPA-SANV.8492",125,75,6,168,45,8,3,70,12,1,0,5,11,1,1,"re3.pd",531,"re3.pd-LAPA-SANV.8492",1535,1850,2061,2305,2923,NA,0.00862745098039215,0.940817707787834,13
"MORA-LAUN.8083",555,239,97,133,347,4,11,71,9,10,15,2,7,0,0,"re3.pd",1500,"re3.pd-MORA-LAUN.8083",2759,3875,4895,5683,7635,NA,0.0467645996387718,0,51
"MORA-LAUN.8492",126,16,6,103,28,4,3,27,14,0,1,0,9,0,0,"re3.pd",337,"re3.pd-MORA-LAUN.8492",551,687,753,829,1174,NA,0.0101354166666667,0.761636683300744,30
"SANT-CHAL.8083",755,1311,287,338,44,12,12,57,14,7,1,3,11,4,8,"re3.pd",2864,"re3.pd-SANT-CHAL.8083",5895,6290,6812,21586,29654,NA,0.0777322397313356,0,60
"SANT-CHAL.8492",165,278,34,268,52,12,15,60,9,6,4,3,7,1,3,"re3.pd",917,"re3.pd-SANT-CHAL.8492",3657,4492,5034,5635,7162,NA,0.00994986072423398,0.790553688892842,42
"USUL-SANM.8083",399,218,23,151,13,0,0,197,40,11,1,5,6,0,1,"re3.pd",1065,"re3.pd-USUL-SANM.8083",3685,4374,4729,5165,6094,NA,0.00661139896373057,0.994534943782451,17
"USUL-SANM.8492",140,27,3,220,50,5,2,132,13,0,3,10,12,1,1,"re3.pd",619,"re3.pd-USUL-SANM.8492",1463,1859,2094,2417,3371,NA,0.00758045977011494,0.990102491993731,3
"AHUA-SONS.8081",105,156,23,36,6,0,2,25,1,1,0,0,4,0,0,"re3.pd2",359,"re3.pd2-AHUA-SONS.8081",838,1067,1241,1523,2989,NA,0.0062972972972973,0.995971634322456,46
"CUSC-CABA.8081",346,639,106,68,19,2,4,50,10,15,1,0,6,1,2,"re3.pd2",1269,"re3.pd2-CUSC-CABA.8081",2945,3232,3389,3562,4117,NA,0.00744444444444444,0.990724621554219,46
"CUSC-CABA.8283",257,155,33,141,28,9,21,20,2,0,2,1,8,0,1,"re3.pd2",678,"re3.pd2-CUSC-CABA.8283",1345,1951,2412,3198,5248,NA,0.0074775641025641,0.990573133343255,56
"CUSC-CABA.8485",70,77,12,271,21,23,1,24,1,1,0,8,3,2,3,"re3.pd2",517,"re3.pd2-CUSC-CABA.8485",1046,1175,1251,1344,1531,NA,0.00845161290322581,0.953674825745564,1
"LALI-SANS.8081",851,415,100,61,48,8,6,303,92,12,12,7,29,0,2,"re3.pd2",1946,"re3.pd2-LALI-SANS.8081",4712,5342,5830,8059,11143,NA,0.0124269976981256,0.397122760504911,45
"LALI-SANS.8283",416,166,13,1135,144,12,17,214,144,12,14,45,102,4,14,"re3.pd2",2452,"re3.pd2-LALI-SANS.8283",4448,5426,6519,11967,20121,NA,0.0197926233512457,0.00911330656622078,56
"LALI-SANS.8485",167,39,2,258,40,4,4,119,33,1,1,19,27,4,2,"re3.pd2",720,"re3.pd2-LALI-SANS.8485",1520,1812,2040,2343,3291,NA,0.0070445205479452,0.99255386011047,30
"LALI-SANS.8687",99,27,6,125,59,5,5,49,14,0,1,11,16,0,1,"re3.pd2",418,"re3.pd2-LALI-SANS.8687",701,831,916,1024,1306,NA,0.00922881355932203,0.883441655113865,13
"LALI-SANS.8889",112,44,5,276,75,10,2,92,5,3,2,16,18,3,2,"re3.pd2",665,"re3.pd2-LALI-SANS.8889",1361,1541,1659,1805,2195,NA,0.0075,0.990470512297118,3
"LALI-SANS.9092",47,24,1,71,14,1,2,133,6,1,2,10,5,1,1,"re3.pd2",319,"re3.pd2-LALI-SANS.9092",790,933,1025,1137,1464,NA,0.00713636363636363,0.992133772889049,3
"LAPA-SANV.8081",686,311,89,52,8,1,4,54,18,2,6,1,1,1,1,"re3.pd2",1235,"re3.pd2-LAPA-SANV.8081",3129,3375,3537,3708,4949,NA,0.00786363636363636,0.982485281714219,1
"LAPA-SANV.8283",488,161,70,144,22,2,1,29,7,1,0,4,8,0,0,"re3.pd2",937,"re3.pd2-LAPA-SANV.8283",1854,2087,2298,3192,5326,NA,0.0116681664791901,0.51238242823099,46
"MORA-LAUN.8081",442,159,76,113,345,2,10,63,3,7,8,2,5,0,0,"re3.pd2",1235,"re3.pd2-MORA-LAUN.8081",2227,4611,5429,6454,9119,NA,0.017570625,0.0379095470057378,51
"MORA-LAUN.8283",113,80,21,20,2,2,1,8,6,3,7,0,2,0,0,"re3.pd2",265,"re3.pd2-MORA-LAUN.8283",540,637,692,767,939,NA,0.00878260869565217,0.927351592663913,18
"SANT-CHAL.8081",569,939,229,14,11,9,10,30,3,7,0,1,3,1,0,"re3.pd2",1826,"re3.pd2-SANT-CHAL.8081",3822,4065,4200,4354,4857,NA,0.010021978021978,0.779314941834617,16
"SANT-CHAL.8283",186,372,58,324,33,3,2,27,11,0,1,2,8,3,8,"re3.pd2",1038,"re3.pd2-SANT-CHAL.8283",1976,2218,2350,2500,2857,NA,0.0075625,0.99018463938288,60
"SANT-CHAL.8485",50,116,6,117,5,5,3,11,3,1,2,2,4,0,0,"re3.pd2",325,"re3.pd2-SANT-CHAL.8485",753,953,1124,1312,1783,NA,0.00709022556390977,0.992344806892724,17
"SANT-CHAL.8687",32,53,7,69,20,4,1,8,1,0,1,0,2,0,2,"re3.pd2",200,"re3.pd2-SANT-CHAL.8687",354,544,656,793,1213,NA,0.00676984126984127,0.993810233961868,13
"SANT-CHAL.8889",45,77,10,57,17,0,11,26,1,3,0,1,1,1,1,"re3.pd2",251,"re3.pd2-SANT-CHAL.8889",585,811,981,1177,1743,NA,0.00775,0.985760002069763,8
"USUL-SANM.8081",209,138,16,2,2,0,0,118,31,7,1,3,2,0,0,"re3.pd2",529,"re3.pd2-USUL-SANM.8081",1127,1444,1730,2045,2744,NA,0.00630281690140845,0.995946387837453,19
"USUL-SANM.8283",190,80,7,149,11,0,0,79,9,4,0,2,4,0,1,"re3.pd2",536,"re3.pd2-USUL-SANM.8283",1779,2108,2293,2566,3328,NA,0.00706060606060606,0.992480285512368,5
"AHUA-SONS.8182",76,88,5,66,10,0,1,19,0,0,0,0,5,1,1,"re3.pd2.5",272,"re3.pd2.5-AHUA-SONS.8182",473,987,1259,1595,2627,NA,0.00717699115044248,0.991947943995481,30
"CUSC-CABA.1980",201,402,65,43,9,1,1,30,4,14,1,0,3,0,0,"re3.pd2.5",774,"re3.pd2.5-CUSC-CABA.1980",1593,1807,1907,2018,2254,NA,0.00691666666666667,0.993138659496674,5
"CUSC-CABA.8182",209,322,55,81,21,6,6,31,7,1,2,1,8,1,3,"re3.pd2.5",754,"re3.pd2.5-CUSC-CABA.8182",2144,3256,3838,4518,6447,NA,0.00847777777777778,0.952301998475404,52
"CUSC-CABA.8384",241,141,26,262,34,20,18,21,2,1,0,8,5,2,3,"re3.pd2.5",784,"re3.pd2.5-CUSC-CABA.8384",1646,1991,2274,2800,4538,NA,0.0085625,0.946454793754887,50
"CUSC-CABA.8586",35,12,5,112,12,8,1,15,1,1,0,0,5,1,0,"re3.pd2.5",208,"re3.pd2.5-CUSC-CABA.8586",322,397,433,473,586,NA,0.0119285714285714,0.472067542520674,1
"LALI-SANS.1980",419,235,54,26,16,5,1,151,30,7,6,0,2,0,2,"re3.pd2.5",954,"re3.pd2.5-LALI-SANS.1980",2461,2723,2870,3031,3449,NA,0.00821649484536083,0.966011077574439,3
"LALI-SANS.8182",648,286,57,542,102,9,11,318,175,16,17,34,97,3,8,"re3.pd2.5",2323,"re3.pd2.5-LALI-SANS.8182",7774,9589,10646,11651,14265,NA,0.0115982857142857,0.523807794489282,52
"LALI-SANS.8384",321,81,4,758,99,9,13,110,59,2,4,31,51,5,6,"re3.pd2.5",1553,"re3.pd2.5-LALI-SANS.8384",3017,3929,4666,5634,8513,NA,0.00948051948051948,0.851640092241103,56
"LALI-SANS.8586",109,34,3,201,40,5,2,81,14,0,1,11,14,0,2,"re3.pd2.5",517,"re3.pd2.5-LALI-SANS.8586",1274,1585,1780,1991,2570,NA,0.0100113636363636,0.780969085830999,13
"LALI-SANS.8788",90,32,4,132,86,3,5,60,9,1,0,11,19,1,2,"re3.pd2.5",455,"re3.pd2.5-LALI-SANS.8788",855,976,1059,1187,1509,NA,0.00748360655737704,0.990545495356591,3
"LALI-SANS.8990",82,44,4,267,37,9,4,125,3,2,3,21,14,3,2,"re3.pd2.5",620,"re3.pd2.5-LALI-SANS.8990",1324,1574,1702,1880,2273,NA,0.0065,0.995044478924927,8
"LAPA-SANV.1980",296,194,61,32,5,0,4,32,5,2,2,0,0,1,1,"re3.pd2.5",635,"re3.pd2.5-LAPA-SANV.1980",1425,1601,1714,1922,2710,NA,0.00592857142857143,0.997658174140818,1
"LAPA-SANV.8182",835,253,98,102,12,3,1,45,17,1,4,5,7,0,0,"re3.pd2.5",1383,"re3.pd2.5-LAPA-SANV.8182",5031,6804,7728,8947,11849,NA,0.00923,0.883291755311605,36
"LAPA-SANV.8384",73,35,0,104,14,0,0,20,6,0,0,2,4,0,1,"re3.pd2.5",259,"re3.pd2.5-LAPA-SANV.8384",518,707,842,1033,1778,NA,0.00802777777777778,0.97591274693685,55
"MORA-LAUN.1980",189,80,27,2,1,0,0,33,2,6,1,1,1,0,0,"re3.pd2.5",343,"re3.pd2.5-MORA-LAUN.1980",683,826,908,1006,1232,NA,0.0072125,0.991785527702613,19
"MORA-LAUN.8182",331,129,61,121,345,3,11,35,7,4,14,1,4,0,0,"re3.pd2.5",1066,"re3.pd2.5-MORA-LAUN.8182",1579,1690,1795,2681,4767,NA,0.0165537254901961,0.0644238393198368,28
"SANT-CHAL.1980",389,621,175,9,4,8,10,16,3,4,0,0,1,0,0,"re3.pd2.5",1240,"re3.pd2.5-SANT-CHAL.1980",2363,2550,2648,2764,2974,NA,0.00634,0.995776313585377,14
"SANT-CHAL.8182",305,607,110,191,26,3,1,33,5,3,1,3,6,4,6,"re3.pd2.5",1304,"re3.pd2.5-SANT-CHAL.8182",2655,2873,3029,3170,3488,NA,0.00914925373134329,0.89349357149142,60
"SANT-CHAL.8384",89,165,5,206,18,6,1,15,9,1,2,1,8,0,2,"re3.pd2.5",528,"re3.pd2.5-SANT-CHAL.8384",1491,2413,3053,3615,5079,NA,0.00941322901849218,0.860141846386249,13
"SANT-CHAL.8586",41,63,8,98,9,2,3,10,1,0,0,1,1,0,0,"re3.pd2.5",237,"re3.pd2.5-SANT-CHAL.8586",459,561,642,748,1175,NA,0.00833333333333333,0.959880757240807,20
"SANT-CHAL.8788",37,59,7,49,21,2,5,15,0,1,1,0,1,0,3,"re3.pd2.5",201,"re3.pd2.5-SANT-CHAL.8788",437,583,703,911,1475,NA,0.006,0.997331462238832,3
"SANT-CHAL.8990",43,60,15,53,18,3,7,20,3,3,0,1,1,1,0,"re3.pd2.5",228,"re3.pd2.5-SANT-CHAL.8990",426,559,675,794,1063,NA,0.0127234042553191,0.358294816852981,8
"USUL-SANM.1980",95,52,6,1,1,0,0,38,15,2,0,3,0,0,0,"re3.pd2.5",213,"re3.pd2.5-USUL-SANM.1980",396,519,617,738,1139,NA,0.00698571428571429,0.99282283799142,7
"USUL-SANM.8182",280,141,16,98,8,0,0,140,24,8,1,2,2,0,0,"re3.pd2.5",720,"re3.pd2.5-USUL-SANM.8182",2392,2734,2950,3217,3865,NA,0.00724193548387097,0.991650890781714,5
"USUL-SANM.8384",53,31,1,78,7,0,0,32,6,1,1,0,6,1,1,"re3.pd2.5",218,"re3.pd2.5-USUL-SANM.8384",525,742,895,1116,1725,NA,0.00594811320754717,0.997568790695935,4
"USUL-SANM.8586",30,8,1,109,17,1,0,31,3,0,1,3,3,0,0,"re3.pd2.5",207,"re3.pd2.5-USUL-SANM.8586",358,437,502,603,1014,NA,0.00774444444444444,0.985920099509367,1
"AHUA-SONS.8082",143,175,24,69,12,0,2,34,1,1,0,0,5,1,1,"re3.pd3",468,"re3.pd3-AHUA-SONS.8082",1021,1452,1742,2437,5316,NA,0.0089,0.917163218748727,60
"AHUA-SONS.8385",17,31,2,105,8,1,5,20,4,0,0,1,8,0,0,"re3.pd3",202,"re3.pd3-AHUA-SONS.8385",602,904,1130,1388,2159,NA,0.0064,0.995501875587708,53
"CUSC-CABA.8082",410,724,120,124,30,7,7,61,11,15,3,1,11,1,3,"re3.pd3",1528,"re3.pd3-CUSC-CABA.8082",3582,3895,4094,4354,7309,NA,0.00791173950299914,0.981099067613414,46
"CUSC-CABA.8385",263,147,31,356,38,27,19,33,2,1,0,8,6,2,3,"re3.pd3",936,"re3.pd3-CUSC-CABA.8385",2009,2630,2948,3442,5828,NA,0.00502272727272727,1,56
"LALI-SANS.8082",1067,521,111,568,118,14,12,469,205,23,23,34,99,3,10,"re3.pd3",3277,"re3.pd3-LALI-SANS.8082",12969,15079,16354,17776,21129,NA,0.00607065217391305,0.997008301553171,52
"LALI-SANS.8385",367,99,4,886,114,10,15,167,64,2,4,37,59,5,8,"re3.pd3",1841,"re3.pd3-LALI-SANS.8385",3944,5345,6492,7869,12485,NA,0.00664864864864865,0.994364564966739,56
"LALI-SANS.8688",153,48,7,205,111,7,5,84,18,1,1,16,25,1,2,"re3.pd3",684,"re3.pd3-LALI-SANS.8688",1365,1623,1761,1932,2299,NA,0.00799236641221373,0.977770722147981,13
"LALI-SANS.8992",105,47,5,267,37,9,4,190,7,3,4,21,14,3,2,"re3.pd3",718,"re3.pd3-LALI-SANS.8992",1769,2076,2265,2463,3071,NA,0.00962953367875649,0.832813024639259,8
"LAPA-SANV.8082",1131,447,159,134,17,3,5,77,22,3,6,5,7,1,1,"re3.pd3",2018,"re3.pd3-LAPA-SANV.8082",7661,9438,10399,11583,14153,NA,0.00999845679012346,0.78298048649007,36
"LAPA-SANV.8385",83,47,2,150,14,4,0,26,6,0,0,3,4,1,1,"re3.pd3",341,"re3.pd3-LAPA-SANV.8385",934,1122,1233,1365,1748,NA,0.008925,0.914993472451974,4
"LAPA-SANV.8688",67,46,2,44,32,4,1,16,4,1,0,2,8,0,0,"re3.pd3",227,"re3.pd3-LAPA-SANV.8688",401,560,697,877,1305,NA,0.00883980582524272,0.922387462259354,13
"MORA-LAUN.8082",520,209,88,123,346,3,11,68,9,10,15,2,5,0,0,"re3.pd3",1409,"re3.pd3-MORA-LAUN.8082",2550,4221,4918,5692,7511,NA,0.0221102398523985,0.00180676060562479,51
"SANT-CHAL.8082",694,1228,285,200,30,11,11,49,8,7,1,3,7,4,6,"re3.pd3",2544,"re3.pd3-SANT-CHAL.8082",5476,12691,14426,16275,20902,NA,0.0226219852501495,0.00126258172238614,52
"SANT-CHAL.8385",111,199,8,255,19,6,4,19,9,1,2,2,8,0,2,"re3.pd3",645,"re3.pd3-SANT-CHAL.8385",1687,2410,3372,4415,6991,NA,0.00717142857142857,0.991973387046255,13
"SANT-CHAL.8688",56,88,12,98,29,4,5,21,1,1,1,0,2,0,3,"re3.pd3",321,"re3.pd3-SANT-CHAL.8688",840,1307,1585,1933,2891,NA,0.00869402985074626,0.935039337492122,42
"SANT-CHAL.8992",59,74,16,53,18,3,7,28,5,4,1,1,1,1,0,"re3.pd3",271,"re3.pd3-SANT-CHAL.8992",524,642,720,836,1148,NA,0.007,0.992757495611023,3
"USUL-SANM.8082",375,193,22,99,9,0,0,178,39,10,1,5,2,0,0,"re3.pd3",933,"re3.pd3-USUL-SANM.8082",3016,3500,3916,4357,5262,NA,0.0103961038961039,0.721011231091582,17
"USUL-SANM.8385",65,33,2,153,8,0,0,43,7,1,1,0,9,1,1,"re3.pd3",324,"re3.pd3-USUL-SANM.8385",658,902,1114,1414,2259,NA,0.00852910052910053,0.949353528886792,60
"USUL-SANM.8688",66,13,1,76,36,5,1,55,5,0,2,7,5,0,1,"re3.pd3",273,"re3.pd3-USUL-SANM.8688",540,642,709,783,975,NA,0.00975,0.817592813406839,3
"AHUA-SONS.8085",160,206,26,174,20,1,7,54,5,1,0,1,13,1,1,"re3.pd4",670,"re3.pd4-AHUA-SONS.8085",2013,4908,6102,7663,11140,NA,0.00554368932038835,0.999418612059288,52
"CUSC-CABA.8085",673,871,151,480,68,34,26,94,13,16,3,9,17,3,6,"re3.pd4",2464,"re3.pd4-CUSC-CABA.8085",6142,9741,11040,12163,14527,NA,0.0184259438528558,0.0216556372510947,52
"CUSC-CABA.8692",66,24,6,51,39,3,0,39,9,3,1,3,9,2,1,"re3.pd4",256,"re3.pd4-CUSC-CABA.8692",443,509,550,598,733,NA,0.00807407407407408,0.973483657588965,3
"LALI-SANS.8085",1434,620,115,1454,232,24,27,636,269,25,27,71,158,8,18,"re3.pd4",5118,"re3.pd4-LALI-SANS.8085",21116,25598,27789,30569,44093,NA,0.00575,0.998474953895784,52
"LALI-SANS.8692",258,95,12,472,148,16,9,274,25,4,5,37,39,4,4,"re3.pd4",1402,"re3.pd4-LALI-SANS.8692",3248,3902,4262,4612,5428,NA,0.00738214285714286,0.991009586935396,42
"LAPA-SANV.8085",1214,494,161,284,31,7,5,103,28,3,6,8,11,2,2,"re3.pd4",2359,"re3.pd4-LAPA-SANV.8085",10891,12580,13734,15024,18193,NA,0.00940849194729136,0.860740347473983,36
"LAPA-SANV.8692",85,53,4,80,44,4,3,50,9,1,0,2,9,0,0,"re3.pd4",344,"re3.pd4-LAPA-SANV.8692",863,1127,1346,1574,2199,NA,0.00846218487394958,0.953120132097785,13
"MORA-LAUN.8085",596,250,102,155,349,5,11,82,13,10,16,2,7,0,0,"re3.pd4",1598,"re3.pd4-MORA-LAUN.8085",2849,3115,4187,5528,7242,NA,0.0424594405594406,0,51
"MORA-LAUN.8692",85,5,1,81,26,3,3,16,10,0,0,0,9,0,0,"re3.pd4",239,"re3.pd4-MORA-LAUN.8692",362,447,493,566,1156,NA,0.007,0.992757495611023,4
"SANT-CHAL.8085",805,1427,293,455,49,17,15,68,17,8,3,5,15,4,8,"re3.pd4",3189,"re3.pd4-SANT-CHAL.8085",10964,22805,25555,28703,36047,NA,0.00898282566429034,0.909974791613925,52
"SANT-CHAL.8692",115,162,28,151,47,7,12,49,6,5,2,1,3,1,3,"re3.pd4",592,"re3.pd4-SANT-CHAL.8692",1843,2338,2641,3135,4050,NA,0.00707174887892376,0.992429318633243,42
"USUL-SANM.8085",440,226,24,252,17,0,0,221,46,11,2,5,11,1,1,"re3.pd4",1257,"re3.pd4-USUL-SANM.8085",3962,4650,5140,5748,7095,NA,0.00598684210526316,0.99739164601025,60
"USUL-SANM.8692",99,19,2,119,46,5,2,108,7,0,2,10,7,0,1,"re3.pd4",427,"re3.pd4-USUL-SANM.8692",1057,1228,1341,1470,1776,NA,0.00572222222222222,0.998602008524334,3
